time_seconds,latitude,longitude,ai_speed_kmh,fused_speed_kmh,aligned_heading_deg
4142.521,52.4065,-1.580745,35.83330871006438,35.83330871006438,102.60594322031528
4142.621,52.40649808681153,-1.580730175379935,39.49097208423019,37.00383933879067,101.57594322031531
4142.723,52.406496113130316,-1.5807151338110734,36.38653560589166,36.835787783291195,102.38594322031531
4142.821,52.40649420844924,-1.580701036001128,34.54396466856888,35.981518412204544,102.19594322031526
4142.922,52.40649229350457,-1.5806868503025355,33.72597327673068,35.12903408927258,99.8359432203153
4143.021,52.406490366970026,-1.5806727578038422,36.57650947397405,35.624494996328686,101.48594322031528
4143.121,52.40648849500686,-1.5806590344974594,32.11526862821081,34.340714396501355,101.88594322031531
4143.221,52.406486616531616,-1.5806454646130492,33.61665877380794,33.98093461912906,101.31594322031526
4143.322,52.40648462031558,-1.5806314139533348,36.618983671944065,34.881954614772944,101.30594322031527
4143.421,52.40648277082887,-1.5806178727345994,33.06814209677115,34.22942314972551,100.47594322031529
4143.521,52.40648087991963,-1.5806043377036074,33.590329385702546,33.90901174212759,101.05594322031527
4143.621,52.40647903139219,-1.5805910352713963,32.6489726762975,33.317475082551304,99.16594322031528
4143.721,52.40647725076386,-1.5805782248460511,30.02717899594797,32.08560593583713,101.56594322031526
4143.821,52.40647551940977,-1.580565390629846,32.33532850209629,32.09909041473134,99.37594322031526
4143.922,52.40647379884134,-1.580552604927728,30.911353988779354,31.65751754346185,101.07594322031531
4144.021,52.40647207421139,-1.58053986752238,33.948108024048985,32.184289643674425,100.19594322031526
4144.122,52.406470356769425,-1.58052680407046,32.85556556586788,32.31102960076464,98.28594322031529
4144.222,52.406468668518414,-1.5805142096947675,30.662170284948466,31.489974156491368,98.17594322031528
4144.322,52.40646711958528,-1.58050171480792,30.78671686824022,31.136886521245106,95.87594322031526
4144.422,52.4064655768307,-1.580489151826557,31.91417792783648,31.294974517158472,98.53594322031529
4144.521,52.40646409361945,-1.580476621358278,32.325583663669235,31.485720407518,96.48594322031528
4144.621,52.40646269163436,-1.5804638289831692,32.47139366790809,31.739876787270664,96.82594322031531
4144.721,52.406461292362366,-1.5804506929728261,34.33148345984809,32.56430105808589,97.43594322031527
4144.821,52.40645992908627,-1.580437322069124,34.417743991836694,33.10546509308364,97.05594322031527
4144.922,52.406458551278185,-1.58042373569178,33.831157842285265,33.301057982143185,96.99594322031527
4145.021,52.40645724381326,-1.5804106354271408,31.880114163607143,32.744396503487316,99.07594322031531
4145.121,52.406455949046794,-1.5803975191947874,32.08532736860889,32.44727723286759,99.19594322031526
4145.221,52.40645471166854,-1.5803841669157426,34.67951881521318,32.981162307302434,97.54594322031528
4145.321,52.40645363135273,-1.5803721536291395,22.991987939383854,29.654209867742722,97.86594322031527
4145.422,52.40645255958635,-1.5803603705636113,27.03607322288867,28.80500504983025,96.9059432203153
4145.521,52.40645154445426,-1.5803488491140054,28.091074609141398,28.715174696284326,95.8959432203153
4145.621,52.406450565160924,-1.580337165806225,28.97484011122581,28.799408526196586,94.23594322031528
4145.721,52.40644965139236,-1.5803254764998098,28.674980937221726,28.77940905808761,96.24594322031527
4145.821,52.406448790685275,-1.5803139496322176,27.345498093540137,28.359396776014233,97.34594322031529
4145.922,52.40644795927643,-1.580302499854614,27.06738320646079,27.879643040821225,97.17594322031528
4146.021,52.40644716295777,-1.5802917396582585,25.074814026358247,26.737078804850526,96.54594322031528
4146.121,52.40644641525428,-1.5802811550542104,24.803947276516414,26.020970493396046,96.7059432203153
4146.222,52.40644566479698,-1.580270444553976,25.680030938998037,26.06698556434493,96.81594322031526
4146.321,52.40644491293116,-1.5802602862650394,23.62648181927166,25.241496010219787,97.9059432203153
4146.422,52.40644413356856,-1.5802501829006619,23.650718634053895,24.623268914665243,98.73594322031528
4146.521,52.40644336880529,-1.5802408249233773,20.89574683550394,23.28979594184139,98.49594322031527
4146.621,52.406442580063135,-1.5802310667984003,25.26672112013035,24.038201333100865,96.32594322031531
4146.722,52.40644171833726,-1.5802209293177145,26.113577402652872,24.74804293608173,97.84594322031529
4146.822,52.406440790199625,-1.580210056433787,30.73026185076641,26.810932293585182,96.99594322031527
4146.922,52.40643979376555,-1.580198407136105,32.38039291822947,28.726575913256482,96.99594322031527
4147.021,52.406438748485584,-1.580186193850632,33.03173358580393,30.421896266411462,98.84594322031529
4147.122,52.40643764749222,-1.580173451710006,32.62286114419746,31.11649641904735,97.34594322031529
4147.222,52.406436567214406,-1.5801607093516632,31.839791133822857,31.416666241815566,97.4659432203153
4147.321,52.40643540552739,-1.5801475216761638,35.31792506956269,32.86780175792504,98.06594322031526
4147.422,52.406434227317064,-1.5801337542861666,34.6150245942386,33.61388042067148,96.5859432203153
4147.522,52.40643335875911,-1.5801219230970427,20.979357578052802,29.100941853052372,96.28594322031529
4147.621,52.40643258874099,-1.5801110623737304,23.014154322245545,26.97078006309794,95.98594322031528
4147.721,52.40643185602772,-1.5801008888545194,21.510977824760868,25.01689933763254,96.10594322031528
4147.821,52.406431007185034,-1.5800895408177378,33.25387569042851,27.92014644338547,94.98594322031528
4147.922,52.40643004683107,-1.5800770422972237,35.45023311165023,30.45871916934706,92.9659432203153
4148.021,52.40642909497776,-1.5800634354556566,39.69542568204856,33.78433839065087,92.6559432203153
4148.122,52.40642818459876,-1.580048881772005,38.17777547887382,35.373606948859006,93.3359432203153
4148.221,52.406427307380596,-1.580034213657052,37.90514738549657,36.3557088765117,93.56594322031526
4148.321,52.406426539073294,-1.5800195600280815,34.96936880556663,35.916989301015185,90.54594322031528
4148.422,52.40642581531216,-1.58000464755443,36.865361655167874,36.17054288706592,91.61594322031527
4148.522,52.406425168728944,-1.5799895436381948,38.326108077832025,36.97539925450274,90.01594322031531
4148.621,52.40642462638211,-1.5799751721598176,32.77954374472928,35.51830749789317,88.37594322031526
4148.722,52.406424231969375,-1.5799606213574109,34.80172799085751,35.216849338837044,87.79594322031528
4148.821,52.406423969639455,-1.5799470174199892,30.721138154175062,33.573989162988,87.6459432203153
4148.921,52.406423835659474,-1.579933726418002,30.525965740722683,32.461879901726036,87.84594322031529
4149.022,52.406423848830535,-1.5799213106995857,25.658448821067708,30.01980032379554,86.60594322031528
4149.121,52.40642387776042,-1.5799095602488697,26.828331276048488,28.985415440006097,87.4559432203153
4149.221,52.40642389376034,-1.579899022093383,19.85277711441237,25.734907354035787,88.47594322031529
4149.322,52.406423908344586,-1.5798888677703882,22.092898102278916,24.552033352395984,89.29594322031528
4149.422,52.40642385723816,-1.5798797275903642,18.397213943796185,22.321822595748742,92.76594322031531
4149.522,52.40642374380112,-1.5798693041738505,31.44435804359604,25.458677967903245,92.11594322031527
4149.622,52.406423507260286,-1.5798568515686624,39.71778427501042,30.424770146768118,94.48594322031528
4149.722,52.40642318539739,-1.5798435753252154,36.570746744537196,32.4469986304257,93.44594322031526
4149.822,52.406422834930986,-1.5798296918497352,36.362672033443765,33.93331933666752,93.23594322031528
4149.922,52.4064224162778,-1.579815856803787,33.935652700649925,33.82757651217155,93.73594322031528
4150.022,52.406421897755735,-1.579802167875107,33.61449100176206,33.493588399014364,94.8959432203153
4150.122,52.40642125681673,-1.5797879528997285,37.52669702158979,34.80853484737529,98.31594322031526
4150.222,52.40642055226507,-1.5797744549047612,29.460604760906136,33.08337359607468,98.4059432203153
4150.322,52.40641962873165,-1.5797603775247802,39.38849718591471,34.57604098043232,98.86594322031527
4150.421,52.406418599823,-1.5797461829418729,36.86479223341489,35.26048864688249,101.42594322031528
4150.522,52.40641760252292,-1.5797319018488851,33.50436183646713,34.75550980084018,98.2759432203153
4150.621,52.406416457964575,-1.579717228535161,39.30463257989596,36.48976121015999,98.51594322031531
4150.722,52.406415360581924,-1.5797019852844056,38.65481071149274,37.11213899896928,96.0259432203153
4150.822,52.40641422546132,-1.5796865393045272,39.23962854921559,37.99274135350207,100.26594322031531
4150.922,52.40641298937768,-1.5796712223452434,36.089145977361305,37.73081678485688,99.47594322031529
4151.021,52.40641177236772,-1.5796555893444104,38.8366733697576,38.87508891389034,97.57594322031531
4151.122,52.40641068210876,-1.5796399904487275,36.07212306711675,37.9630308460239,97.98594322031528
4151.221,52.406409480988124,-1.579624741673064,38.23694367191763,37.926842431714725,100.34594322031529
4151.321,52.40640824442924,-1.5796089186381297,40.348121910732026,38.95659033292718,97.88594322031531
4151.422,52.40640690204958,-1.579592527619717,42.50402353998132,39.98708867755137,98.7159432203153
4151.521,52.406405634364724,-1.5795765490149452,40.63886834395903,39.74679402394995,97.29594322031528
4151.621,52.40640430017106,-1.579560566196403,38.9653460075076,39.39474054065124,100.2059432203153
4151.722,52.40640283772334,-1.5795438510753808,42.80973281975055,40.82873270580933,99.9059432203153
4151.821,52.406401354183984,-1.5795273316859548,41.58764637259954,41.18802007812729,100.48594322031528
4151.922,52.40639985923912,-1.5795109136580077,38.054437610236725,40.13661276745808,98.93594322031527
4152.021,52.406398397300286,-1.5794951490804572,37.54189523174449,39.33366963957999,98.10594322031528
4152.121,52.40639702951179,-1.579479687346115,35.597952260464695,38.15342603223682,97.25594322031526
4152.221,52.40639579235857,-1.5794649474305251,33.2736787266633,36.33486372806754,95.97594322031529
4152.322,52.40639467239973,-1.579450764051702,31.351460419335385,34.579828530322175,94.81594322031526
4152.422,52.40639359433545,-1.5794371721556515,32.29276916271374,33.47161716189433,95.32594322031531
4152.522,52.40639258137625,-1.5794237885459663,32.332234362835955,32.93417759788795,94.61594322031527
4152.621,52.40639151957875,-1.5794103302995688,34.51208625980771,33.47431586648854,97.53594322031529
4152.722,52.4063904890475,-1.5793965621107913,33.904972094416976,33.53949457281461,94.3959432203153
4152.821,52.40638953251361,-1.5793837726907167,28.6273179281364,31.7842355887159,97.19594322031526
4152.921,52.40638875884442,-1.5793729748467846,16.627487131307074,26.55025032357835,94.34594322031529
4153.022,52.40638810071904,-1.5793626688628106,22.24512446255096,25.05481139802169,94.82594322031531
4153.121,52.406387635964556,-1.5793555202295024,4.446673549745931,17.733592527264165,96.31594322031526
4153.221,52.40638718645252,-1.5793492155337139,11.47455225487379,15.501249938219264,101.0259432203153
4153.322,52.40638670847444,-1.5793427830442388,16.190536817775406,15.667955300180832,101.5859432203153
4153.421,52.40638607784053,-1.579335334231707,24.444773373131657,18.550297068665348,101.7759432203153
4153.521,52.40638526406876,-1.5793263223836114,29.252297522398322,22.247274550664354,102.66594322031528
4153.621,52.40638436934864,-1.5793165073996074,28.04622456094239,24.234912857266053,100.49594322031527
4153.721,52.406383323559794,-1.5793058603280556,30.71628921023126,26.335663760525556,102.34594322031529
4153.822,52.4063821149763,-1.579294105409328,33.04832838992105,28.822838266677163,103.63594322031531
4153.921,52.40638074263166,-1.57928164836804,35.8771216327855,31.22515848448178,106.31594322031526
4154.021,52.406379207425346,-1.5792688438953664,32.983253651773076,31.867486146439486,107.7759432203153
4154.122,52.40637748261959,-1.5792554622799733,35.56751993374895,33.069465314491076,108.59594322031529
4154.221,52.406375592684704,-1.5792415531694142,39.14771769157003,35.15074287023925,109.09594322031529
4154.321,52.406373524915175,-1.5792269688376896,39.73763999568734,36.56503884086226,111.28594322031529
4154.422,52.40637123470786,-1.5792118049714878,40.1123113850679,37.7713334766351,111.1559432203153
4154.522,52.40636872720825,-1.5791959435354936,44.302764767675576,40.014029486981094,109.0859432203153
4154.621,52.40636621671252,-1.5791802942895943,40.261097431783,39.91482720776024,107.16594322031528
4154.722,52.40636359193204,-1.5791645472686966,38.83969712998559,39.470074138698024,108.7059432203153
4154.821,52.4063610909512,-1.579149426322505,37.077994862090655,38.64583800377367,105.01594322031531
4154.922,52.406358650225414,-1.579134949447852,32.132759926989685,36.31548587765386,106.30594322031527
4155.022,52.40635629991049,-1.579120717053729,35.26763465734008,36.007270248955294,106.54594322031528
4155.121,52.40635388543946,-1.5791063874224824,37.273440089674054,36.67076750083544,107.51594322031531
4155.221,52.40635135244182,-1.5790912969539528,40.88641262877144,38.221349886987035,106.03594322031529
4155.321,52.406348925049315,-1.5790764717235157,36.901136996463315,37.48542460010716,103.35594322031528
4155.422,52.40634637794666,-1.579061318488745,39.71184293433547,38.00407736193889,104.67594322031528
4155.522,52.406343885120336,-1.5790465281549901,36.6765368446341,37.47202493027385,105.9659432203153
4155.622,52.406341407286725,-1.5790320496526866,35.492008062476096,36.72231513859042,106.32594322031531
4155.722,52.40633915771334,-1.579018915845726,27.082254927819754,33.313740806639274,105.85594322031528
4155.821,52.406336999271076,-1.5790063631741469,30.091556394589418,32.17051590344925,105.49594322031527
4155.922,52.40633487736014,-1.5789937588503793,30.32967743954599,31.614876406981423,105.10594322031528
4156.021,52.406332802639774,-1.5789811707835923,33.16421836874304,32.164612225102985,104.00594322031526
4156.121,52.406330683233804,-1.5789683167267585,33.45339680730002,32.516702101789974,103.66594322031528
4156.221,52.40632868556075,-1.5789560809921992,28.122893692349827,30.93197495897952,103.43594322031527
4156.322,52.40632676093174,-1.5789442972349261,27.171794067184614,29.49519748713545,102.92594322031528
4156.422,52.40632487617748,-1.5789326806488897,29.028042662012993,29.354555230942616,102.9059432203153
4156.521,52.406323176147,-1.5789217493467627,25.255092722513478,27.826953574923788,100.62594322031526
4156.621,52.40632162051355,-1.5789114898444088,21.90622374055231,25.816628183740743,103.24594322031527
4156.721,52.406320142474364,-1.5789017089600557,22.62686706582324,24.607410289858365,102.03594322031529
4156.822,52.4063186259801,-1.5788919780343993,23.673670148842277,24.28381292965694,106.78594322031529
4156.922,52.406317160609824,-1.5788827528771159,20.98159101176315,23.27955835882736,105.36594322031527
4157.021,52.40631570397544,-1.578873994247377,20.533165115242618,22.393601013256898,107.43594322031527
4157.122,52.40631423723206,-1.5788655957585203,19.046184031353143,21.122277301204402,107.81594322031526
4157.222,52.406312792596026,-1.578857924074814,17.09954349851938,19.606935897975397,112.1459432203153
4157.323,52.40631112566055,-1.5788483890801202,31.29301492745258,23.98246451773846,112.49594322031527
4157.421,52.40630938714564,-1.5788392271223932,24.07172740127865,23.909598920371526,114.66594322031528
4157.521,52.40630729397008,-1.5788291872676254,30.092418804019164,25.9101841678628,114.3359432203153
4157.621,52.40630487511278,-1.5788176177403113,37.59267435707509,29.866629569900546,115.97594322031529
4157.721,52.40630208440839,-1.5788046014375179,41.58207796706023,33.69251492320166,117.54594322031528
4157.821,52.406298799192676,-1.5787905890297258,42.38567897804969,36.659163496619875,119.3959432203153
4157.922,52.40629524408991,-1.578776314493836,38.939073987454144,37.27950988060844,117.93594322031527
4158.022,52.40629184719051,-1.5787629683502906,31.58643216922039,35.31496805148273,119.5259432203153
4158.122,52.406288054159205,-1.5787490649662879,40.7012740644412,37.19330373074375,121.11594322031527
4158.221,52.406284009693245,-1.5787349406591602,41.22300403722259,38.48797857188091,120.73594322031528
4158.322,52.40627941015248,-1.5787192486870725,48.93105318289148,42.093584370793124,119.42594322031528
4158.422,52.4062742191112,-1.5787022459076483,53.78253144304735,46.43128688718957,123.07594322031531
4158.521,52.40626866166569,-1.5786845939451126,54.12160339327672,48.99914924150297,123.23594322031528
4158.621,52.40626324473814,-1.578668082798686,40.40402433084111,45.78210045572461,120.81594322031526
4158.722,52.40625805904887,-1.5786525222722207,37.77552194868951,42.87132982696112,120.26594322031531
4158.821,52.40625320505096,-1.578638318878519,35.255575809033914,40.158828975399494,122.78594322031529
4158.921,52.40624858407459,-1.5786250165730196,31.620050836094588,37.382470111931525,121.41594322031528
4159.022,52.40624408832397,-1.5786122903570077,31.975382128949246,35.557257861024866,120.06594322031526
4159.122,52.40623955355273,-1.578599732971964,35.636088909505304,35.6359522602508,122.23594322031528
4159.222,52.406235146426305,-1.5785874241880806,33.43161680999079,34.853484717368225,119.5259432203153
4159.322,52.40623067064999,-1.578574890967837,36.54803190350743,35.46529576334675,119.38594322031531
4159.422,52.406226238556116,-1.5785625528995502,33.95865688346888,34.96578608716428,122.19594322031526
4159.521,52.40622205507348,-1.5785508332188611,30.980462559321378,33.49459102329148,120.8959432203153
4159.621,52.40621788087737,-1.5785388812710253,34.67753468336859,33.63194091806238,117.86594322031527
4159.721,52.4062134300072,-1.5785264548582947,38.45062127803936,35.18985913181865,122.84594322031529
4159.821,52.40620874230561,-1.5785136607177812,39.053446596863026,36.44607085641196,120.2759432203153
4159.921,52.40620408971598,-1.5785007399410653,37.22054699988783,36.63988515962136,120.10594322031528
4160.021,52.40619960772055,-1.5784878388522259,36.113666147582876,36.25574220893355,117.72594322031529
4160.121,52.40619526534269,-1.578475323825519,33.59782019136334,35.159917644904425,121.37594322031526
4160.221,52.40619111605172,-1.5784633292856642,31.160535258354145,33.6729594807811,120.56594322031526
4160.322,52.406187063749464,-1.578451623946091,30.422986372938816,32.541687683811695,120.11594322031527
4160.422,52.40618312554062,-1.5784401604034048,31.3042120193362,32.12831271643814,119.60594322031528
4160.521,52.40617919464863,-1.578428579363589,33.57786139233685,32.69129942661521,119.19594322031526
4160.622,52.406175358851776,-1.5784171551019193,29.60834853837406,31.52978278516485,116.30594322031527
4160.721,52.406171755937855,-1.5784063450023484,28.33230255933345,30.385626341251143,115.6459432203153
4160.821,52.406168248253074,-1.5783953860419084,29.712253011715994,30.222309405903356,115.68594322031527
4160.922,52.40616455571968,-1.5783841983030609,32.39148382192237,30.75578643467469,116.50594322031526
4161.021,52.40616093845699,-1.5783732913301571,30.638893228724182,30.62321408743016,117.7759432203153
4161.121,52.40615739915531,-1.5783626243585251,27.708889195416695,29.653001163587014,117.0259432203153
4161.222,52.4061539035336,-1.5783520032169098,28.599343788636403,29.179515227917527,114.85594322031528
4161.322,52.406150470391566,-1.5783414968722074,29.247117442079468,29.105962826726653,115.61594322031527
4161.421,52.40614706035565,-1.5783309808948855,29.990194636243608,29.376943060012962,115.80594322031527
4161.521,52.406143709344974,-1.5783205117001626,27.900421824544875,28.871810095316775,115.13594322031531
4161.621,52.40614049313078,-1.578310446070952,26.019589928449648,27.74841336439954,116.1559432203153
4161.722,52.4061367559863,-1.5782990353341095,37.95752297767924,31.31431149205332,119.8959432203153
4161.821,52.40613303886221,-1.5782877256401602,31.941952305634832,31.689067337865897,118.36594322031527
4161.922,52.406129148566535,-1.5782761011856765,32.572401864241186,32.0580208621141,118.91594322031528
4162.022,52.40612528851384,-1.5782644431738495,32.689249971627646,32.39254926130231,117.76594322031531
4162.121,52.40612126087544,-1.5782523576039973,36.72433051586042,33.97005436258105,118.55594322031527
4162.222,52.40611698560751,-1.578239505470606,37.877486470646446,35.39448859690464,118.24594322031527
4162.322,52.406113096182295,-1.5782277665777749,27.230178961887198,32.62223361855443,118.31594322031526
4162.421,52.40610949403721,-1.5782170588630589,25.898295544613564,30.16273216952228,120.6459432203153
4162.521,52.40610574573916,-1.5782060919873173,31.70201865842311,30.698522904266074,120.34594322031529
4162.622,52.40610172128506,-1.578194459417903,35.23314802427873,32.334187906054154,120.56594322031526
4162.721,52.406098096610556,-1.5781840265862503,24.440405862740324,29.615752419133493,120.67594322031528
4162.822,52.40609424203916,-1.578173145957441,32.01903509893977,30.422140577571852,121.43594322031527
4162.923,52.40609014182633,-1.5781617605363147,34.77312596858176,31.96733490349793,122.12594322031526
4163.021,52.40608589639843,-1.5781499934394045,38.031294737267736,34.06651002911151,120.18594322031527
4163.122,52.406081524479035,-1.5781377119018598,35.10447787247161,34.38106448886699,119.59594322031529
4163.222,52.40607732742759,-1.578126016624041,31.09844913441542,33.13573057477345,120.8959432203153
4163.322,52.4060732388677,-1.5781146383798816,30.41819485376372,32.24821727001876,122.00594322031526
4163.422,52.40606924908536,-1.5781036896947362,28.998517941148997,31.144260657867676,121.87594322031526
4163.522,52.40606534275912,-1.57809322480214,27.66226128539219,29.96036443640773,123.82594322031531
4163.621,52.406062002048074,-1.5780845050255163,17.161164446957482,25.399160222013165,126.67594322031528
4163.722,52.4060588645566,-1.5780764544314294,18.620776919893572,23.09833030793748,126.49594322031527
4163.822,52.40605593123773,-1.5780691298793261,18.124058754446875,21.396790297360727,127.16594322031528
4163.921,52.40605312633129,-1.5780622922141878,18.131571726040598,20.325211113323828,125.3359432203153
4164.021,52.406050422191946,-1.5780557331488814,17.49278838334797,19.332340463550295,125.73594322031528
4164.121,52.40604791632528,-1.578049613687285,15.370333823864575,17.998548741359485,123.43594322031527
4164.222,52.40604553946794,-1.5780437724258087,14.9498565780446,16.976948175277034,121.74594322031527
4164.324,52.40604337395558,-1.578038394475003,12.409255360952248,15.42763521269825,121.9659432203153
4164.421,52.406041204294496,-1.578032996234381,17.79509852639024,16.27494361289628,120.55594322031527
4164.521,52.40603893770789,-1.578027252573731,17.411292090272614,16.70514536474606,119.54594322031528
4164.621,52.40603642064623,-1.5780208800351423,21.744597241938163,18.53921736332044,119.5859432203153
4164.722,52.40603384732088,-1.578014457038144,18.7723688823646,18.579659850319704,121.41594322031528
4164.823,52.40603141046929,-1.5780082641159237,16.400085137697932,17.818359281313082,121.62594322031526
4164.922,52.40602902231767,-1.578002285153524,17.263323627332,17.62847948441238,122.2059432203153
4165.021,52.40602658857651,-1.5779962833963028,18.135223851850448,17.776926080318564,122.37594322031526
4165.122,52.40602370989694,-1.5779894371698446,24.58351154270733,20.10439253363543,123.51594322031531
4165.221,52.40602067395431,-1.5779823153417711,23.61552385178709,21.431607988905764,123.87594322031526
4165.321,52.406017627359866,-1.5779749685816902,21.96453661757862,21.693780806042408,121.32594322031531
4165.421,52.40601449921689,-1.5779674986909527,22.574147860606793,22.12620515284263,123.94594322031526
4165.523,52.4060112002729,-1.5779594775904777,25.239412208613548,23.16054773211596,121.84594322031529
4165.622,52.4060080939564,-1.5779518286312633,21.469655136303288,22.666224119186783,122.62594322031526
4165.722,52.40600498767981,-1.577944020653867,22.749382006814557,22.763748868653984,121.60594322031528
4165.822,52.40600176754191,-1.5779359221447693,24.89721887062369,23.607014177540552,124.00594322031526
4165.921,52.4059985517738,-1.5779277917863035,24.69449427701464,23.901708347441566,121.8959432203153
4166.022,52.40599515033663,-1.5779191411533993,26.798708108485894,24.88435156358244,124.38594322031531
4166.121,52.40599170361525,-1.5779104844854588,26.5463235913734,25.49919333946369,124.51594322031531
4166.222,52.405988182772525,-1.5779018484041145,24.415795416042194,25.114622855507655,124.24594322031527
4166.321,52.40598479464918,-1.5778934252644292,24.283400270574447,24.8875670565431,121.82594322031531
4166.422,52.40598127438119,-1.577884847768748,25.121944959184656,24.995700519309175,125.2059432203153
4166.521,52.40597774521637,-1.5778764084048897,25.675932348407045,25.238990445562916,126.09594322031529
4166.621,52.405974318059094,-1.577868272197902,21.91178000303409,24.145229376378335,126.75594322031526
4166.721,52.405970941289205,-1.5778603697316322,22.30208318853116,23.561438313482277,126.92594322031528
4166.822,52.40596730726667,-1.5778520467103396,27.005116094401565,24.747246480826952,127.11594322031527
4166.921,52.405963511537905,-1.5778434252792697,28.97864846945598,26.226521505316562,126.49594322031527
4167.023,52.40595964740844,-1.5778346295318646,25.14915588351476,25.95067797940271,125.94594322031526
4167.121,52.40595618502779,-1.5778266708724369,21.101975373864907,24.35846863123012,125.51594322031531
4167.221,52.405952739855046,-1.5778188030846148,22.15928276773832,23.65073850832134,126.56594322031526
4167.321,52.40594934150067,-1.5778111415322038,22.145792379662616,23.132734756260287,126.4059432203153
4167.421,52.40594592605358,-1.5778033614502491,23.65455825675476,23.407369138746937,123.80594322031527
4167.521,52.40594249721484,-1.577795548294964,23.499444137003824,23.50423850051273,125.93594322031527
4167.621,52.405939096157425,-1.5777877896837793,22.794615532398907,23.331170568152064,126.28594322031529
4167.721,52.40593571699765,-1.5777801772581939,22.212403177459564,22.990517640413998,126.57594322031531
4167.821,52.40593234841343,-1.5777725162208545,23.271303974589333,23.061835166053598,126.92594322031528
4167.921,52.40592882299875,-1.5777646360614312,25.200205315532354,23.86382529968587,127.26594322031531
4168.021,52.405925257251155,-1.5777566716334657,24.888357631948864,24.12525379844272,127.00594322031526
4168.121,52.40592173742816,-1.57774883989093,23.07150266388297,23.755298425429384,125.1459432203153
4168.221,52.405918020071596,-1.5777406342747569,27.131557987725497,24.959565632621587,127.11594322031527
4168.321,52.40591377585769,-1.5777313684033512,34.73511319225674,28.296066141699526,127.1559432203153
4168.421,52.40590915991806,-1.5777213671039538,35.000702086307676,30.62591233547259,127.05594322031527
4168.521,52.4059044477416,-1.5777112327770364,31.9494330674346,31.117611545339503,128.62594322031526
4168.621,52.40589980244923,-1.5777013349914735,28.77627687548328,30.49620321870316,129.4759432203153
4168.722,52.4058947462173,-1.577690765723467,36.437734497180735,32.47559132868827,126.92594322031528
4168.822,52.40588894932249,-1.577678447012123,48.09795479153656,37.99296660710691,130.4559432203153
4168.921,52.40588294179352,-1.5776654641575445,44.85106443672931,40.19543145433416,128.49594322031527
4169.021,52.405876919536844,-1.577652502257837,38.71497238877037,39.78841013435197,126.34594322031529
4169.121,52.40587113002999,-1.577639839642888,36.60989831269014,38.643611439061296,126.30594322031527
4169.221,52.405865607375105,-1.5776278214425286,32.938805451734254,36.74380031225617,127.7759432203153
4169.321,52.40586035235515,-1.5776163568496742,31.515525599982134,35.019370890628075,124.74594322031527
4169.421,52.40585503912506,-1.577604772621517,36.33657822998004,35.39291719051228,126.06594322031526
4169.521,52.405849293752446,-1.5775922003462335,43.66197282493699,38.36112149007068,127.9659432203153
4169.622,52.40584365225398,-1.5775798477423553,35.15517791827397,37.30938871872377,128.92594322031528
4169.722,52.40583818056766,-1.5775678879235029,35.412351235001665,36.50724724673194,127.01594322031531
4169.822,52.40583243942316,-1.5775555632478642,40.790664560288825,37.86864839367327,127.6459432203153
4169.921,52.40582632992254,-1.5775425377574988,45.3517523333141,40.529265346343486,127.74594322031527
4170.022,52.405820328495224,-1.5775298871708292,35.9107302964478,38.7475864893168,130.86594322031527
4170.122,52.405814509359054,-1.5775178773036298,35.482680870749604,37.45391861137847,130.81594322031526
4170.221,52.40580850880107,-1.5775057524326674,40.938482022949295,38.51267682177448,131.50594322031526
4170.321,52.405801895055426,-1.577492580743071,47.820555375727864,41.66028246215531,134.00594322031526
4170.422,52.40579474624295,-1.5774787630512837,48.11862709401692,43.80622417262318,134.94594322031526
4170.521,52.40578757762909,-1.5774651116927219,45.48304653796102,44.43126202796566,133.4059432203153
4170.622,52.40578043785979,-1.577451611908525,40.759712514539224,43.19936293007579,131.8459432203153
4170.722,52.40577417788905,-1.5774398486547327,28.860675021842056,38.120325355360436,131.9659432203153
4170.821,52.40576861095998,-1.5774295189591385,26.36803012871873,33.99914026340431,132.54594322031528
4170.922,52.405763374972025,-1.577419861574166,26.150610079970235,31.239357195933497,134.60594322031528
4171.021,52.40575856278223,-1.5774112712328847,24.13558676488121,28.768494102256906,137.05594322031527
4171.122,52.405753759439385,-1.577402857996177,26.637114135278164,27.860940948451347,134.87594322031526
4171.222,52.405749128389445,-1.5773945438459067,26.749952686556256,27.49368758267662,133.30594322031527
4171.322,52.40574411801588,-1.5773856211710848,33.40046208566709,29.615194882711616,132.25594322031526
4171.422,52.40573905244515,-1.5773767598722688,30.399465981808774,29.655731637545724,132.49594322031527
4171.521,52.4057337351263,-1.5773673265039194,34.52327266330701,31.681801230404922,133.55594322031527
4171.622,52.40572771574878,-1.5773565479894298,41.60701610481522,35.33195133709227,134.6359432203153
4171.721,52.4057210134527,-1.5773444688718874,49.285155600354166,40.27689972337834,133.17594322031528
4171.821,52.405713675223545,-1.5773312505516979,49.502648297586866,43.64504107353936,129.5359432203153
4171.922,52.40570584728799,-1.577317329301451,49.19570522369445,45.777178366406,130.99594322031527
4172.021,52.40569832649061,-1.5773038523210934,43.600930188663376,45.05479526162341,131.18594322031527
4172.121,52.40569117390634,-1.5772912044578824,36.40434346023961,42.116329133384184,131.50594322031526
4172.221,52.40568425927205,-1.5772790929098808,36.714173744182176,40.5087276832484,132.67594322031528
4172.322,52.405677553399265,-1.5772675258798614,34.08211895208683,38.582131559752156,133.2759432203153
4172.421,52.40567105444174,-1.5772562560293408,37.74533067338513,38.25397420622936,132.31594322031526
4172.521,52.405664376624564,-1.577244768186676,39.28431722872687,38.75044373594399,132.8859432203153
4172.622,52.40565746109937,-1.5772331464154419,39.1342261731676,39.25380644364374,136.19594322031526
4172.722,52.40565022323608,-1.5772210276456902,44.786226778090175,41.41621662818391,133.9559432203153
4172.821,52.4056429856579,-1.577209123006734,40.779478106915185,41.45795740379086,135.10594322031528
4172.922,52.40563589153858,-1.5771973299889623,37.24889855813112,40.04504641144103,130.29594322031528
4173.021,52.40562895504707,-1.5771857461574657,39.68201992235728,40.03921095058644,131.7059432203153
4173.122,52.405621972400304,-1.5771740235387683,38.21986695896183,39.61411789672871,131.9059432203153
4173.221,52.40561535217669,-1.5771628424390287,35.749961312966796,38.43504976964296,131.0759432203153
4173.322,52.405608547631935,-1.5771513847273777,38.38869639134371,38.662731526613776,132.3359432203153
4173.422,52.4056020076242,-1.5771402834451287,35.52095302574055,37.687307500705394,131.7759432203153
4173.522,52.405596408232256,-1.5771306909762226,22.522802417167703,32.42156137466546,129.7859432203153
4173.623,52.40559153195326,-1.5771223547704976,19.111981241811133,27.924527063540328,131.7059432203153
4173.721,52.40558723484959,-1.5771149860309652,20.173318974410044,25.40190401909923,132.23594322031528
4173.821,52.40558315981675,-1.5771079011729061,20.524580233444382,23.779040748944773,130.2859432203153
4173.922,52.40557902647437,-1.5771007063054883,23.79029231432402,23.895680233571113,131.6559432203153
4174.021,52.40557486673127,-1.5770934341140876,25.662693060103795,24.590521588058955,131.35594322031528
4174.122,52.40557075485933,-1.5770861140644121,22.84147187494475,24.05920257366947,129.87594322031526
4174.222,52.40556688995218,-1.5770792521578052,20.117780532760204,22.80711719107499,131.93594322031527
4174.321,52.40556369217572,-1.5770735032108838,12.280264870758183,19.190877615310466,130.2859432203153
4174.421,52.405560786068,-1.5770682924485206,13.566321942004521,17.24114446390073,133.17594322031528
4174.522,52.40555803663249,-1.5770633346928589,14.125866493414785,16.200024674935992,131.48594322031528
4174.621,52.40555543499972,-1.5770586703527831,14.132473413293058,15.589797776263019,131.86594322031527
4174.722,52.40555270328296,-1.5770537562336988,16.897298993248903,16.074726569332263,131.60594322031528
4174.824,52.405549875684386,-1.5770486137564106,17.55415214970248,16.57494003113679,130.99594322031527
4174.921,52.4055477453318,-1.5770446349160723,7.225974710222899,13.327941066483586,128.60594322031528
4175.022,52.40554579509025,-1.5770409757021662,8.65764468355123,11.748412107509688,130.73594322031528
4175.121,52.40554400185905,-1.5770376480718729,9.392342193107222,10.952258091475437,130.11594322031527
4175.221,52.40554203618507,-1.5770339459687572,14.052232686253358,11.98543786671038,128.05594322031527
4175.321,52.405540065322846,-1.5770301789464518,12.628484801296128,12.118981514542638,126.28594322031529
4175.421,52.40553787704329,-1.5770258101697006,17.16211332941895,13.804220347638688,128.73594322031528
4175.521,52.40553564867369,-1.5770212198411107,15.23773346893952,14.325889554951166,129.6359432203153
4175.622,52.405533424264426,-1.577016587369137,13.948680798898668,14.254210716077573,131.04594322031528
4175.721,52.40553118614784,-1.5770119674129763,15.039942796976494,14.552329866887142,131.8259432203153
4175.821,52.405528880938235,-1.5770072862317388,14.47881834850724,14.691382829932891,131.85594322031528
4175.922,52.40552619833596,-1.5770017363959288,21.754843141456355,17.120424228949485,131.3359432203153
4176.021,52.40552313809253,-1.5769955315422468,24.567891050318714,19.68194144171366,131.10594322031528
4176.121,52.4055197657619,-1.5769887661853805,24.627239718656384,21.33527048596557,131.73594322031528
4176.221,52.40551622485953,-1.5769816036210864,24.600499833359187,22.51356376365571,130.80594322031527
4176.322,52.40551246573506,-1.5769742150779842,24.712425729046416,23.262005594718254,133.30594322031527
4176.421,52.405508808223935,-1.5769671520819615,22.033824465496224,22.852944780777317,132.50594322031526
4176.522,52.40550521324567,-1.5769602816953572,19.90949813768384,21.885269543078728,131.66594322031528
4176.621,52.40550185874828,-1.57695389837995,18.66055953477451,20.782419727313805,132.43594322031527
4176.722,52.405498373814595,-1.5769472482383955,21.866987529630233,21.197114083389078,131.37594322031526
4176.821,52.405494817504675,-1.5769404926559443,23.23172065702307,22.010748067842155,131.99594322031527
4176.922,52.405491079522754,-1.5769334594030133,23.517096325937608,22.55384079384942,129.6459432203153
4177.021,52.405487370387654,-1.5769264497358657,23.29316460903756,22.889042086051056,131.5959432203153
4177.121,52.4054836600599,-1.5769195162773373,21.556653224692177,22.523040615067263,132.9759432203153
4177.221,52.40548001265371,-1.5769125844298224,22.325226159597715,22.354766942246293,130.11594322031527
4177.321,52.40547629851407,-1.5769055161832064,23.256117318211395,22.781480832341447,130.3859432203153
4177.421,52.405472340730704,-1.5768980567778117,26.43705723432504,24.142031809913693,132.5959432203153
4177.521,52.40546792541985,-1.5768898818957833,31.290255709063356,26.663351578522118,133.42594322031528
4177.621,52.40546315554487,-1.5768810664006594,32.38118578965953,28.775525018271164,131.43594322031527
4177.721,52.40545799216896,-1.5768716872931081,34.3869107388956,30.851592442282975,133.30594322031527
4177.821,52.40545274398625,-1.5768622389894238,31.69485897851648,31.204791023451765,131.61594322031527
4177.921,52.40544797757895,-1.5768536646252527,22.656924812146585,28.328323251268568,131.2159432203153
4178.022,52.40544381843756,-1.576846094119866,17.53423974702316,24.63309750705535,131.2059432203153
4178.121,52.40544000428263,-1.5768391530480808,19.75147646487518,23.043503679820326,131.75594322031526
4178.221,52.40543603757205,-1.5768319636745705,24.40881713275037,23.672372229551964,131.04594322031528
4178.322,52.40543215458017,-1.5768249462586073,21.173392891608493,22.907083593944726,130.9659432203153
4178.422,52.405428366363076,-1.576818062297757,21.7961485727575,22.63995666717803,130.05594322031527
4178.521,52.40542465579379,-1.5768112915156944,21.78800344617065,22.451092698194586,129.9659432203153
4178.621,52.40542095710609,-1.5768044239349888,22.12099676185752,22.371485273010293,131.61594322031527
4178.721,52.405417330908854,-1.5767975704373776,21.785125833732423,22.154511788201244,131.4059432203153
4178.821,52.405413745439496,-1.5767908414894674,20.74840506085682,21.81804696903887,131.0759432203153
4178.922,52.405410029588566,-1.5767838755998222,23.52063093126642,22.373452384964164,130.10594322031528
4179.022,52.405406182815895,-1.5767766526107576,25.47679656600485,23.414818519079983,129.4659432203153
4179.122,52.40540223861216,-1.5767691399955164,25.354436718349525,24.204735487235833,127.49594322031527
4179.221,52.40539852401592,-1.5767620787830439,20.283203144577264,22.99965843840679,129.4059432203153
4179.321,52.40539481992577,-1.5767550028581157,21.81562002565716,22.769474118049605,129.85594322031528
4179.421,52.40539125808762,-1.5767481745829708,20.32579450158397,21.939721623667232,131.6359432203153
4179.521,52.405387462609276,-1.576740931766362,25.24302324818064,23.317004539141017,129.66594322031528
4179.622,52.405383169632636,-1.5767326687471872,31.486480583350136,26.242359847566984,127.25594322031526
4179.721,52.405379010669584,-1.5767246203295995,25.077733750451785,26.018245688077695,127.31594322031526
4179.821,52.40537512705829,-1.576716836938215,21.45425606012159,24.555429928009808,125.18594322031527
4179.922,52.405371296096455,-1.5767091131630417,22.719100270613378,24.06872166521493,126.63594322031531
4180.022,52.4053676549363,-1.5767016703736476,21.699616156491288,23.29821618717847,126.57594322031531
4180.121,52.405363892826806,-1.5766937963987762,27.257051363913007,24.670907432523013,124.97594322031529
4180.222,52.405359924377976,-1.5766854673816184,26.893323312868972,25.552847398820486,124.56594322031526
4180.321,52.40535593107489,-1.5766770807010098,27.55361557316537,26.243028144903118,125.2759432203153
4180.422,52.40535191820965,-1.576668601209264,25.37957331684982,25.948084278240216,125.9559432203153
4180.522,52.405347891670814,-1.5766600786152434,26.405293092829524,26.324291247373587,126.8959432203153
4180.621,52.40534373589946,-1.5766513267167066,28.962693965937884,27.357432370046734,127.6559432203153
4180.722,52.40533942256406,-1.5766426092160621,26.648401679153743,27.13909583727104,130.00594322031526
4180.822,52.405335141014795,-1.5766341167010576,26.291610924161223,26.904751758046274,130.2859432203153
4180.921,52.40533087091093,-1.5766255903402733,28.09390458365762,27.2115370954722,133.43594322031527
4181.021,52.40532641532303,-1.5766167418703407,28.946792526114333,28.018625159107188,130.69594322031526
4181.122,52.40532148010695,-1.576607143667856,34.316543748237244,30.350944609263525,131.2159432203153
4181.222,52.40531614998932,-1.5765969469310002,37.18766710893858,32.791941266189575,132.73594322031528
4181.322,52.40531063208951,-1.5765866167078473,34.253927111985256,33.530500763759626,131.16594322031528
4181.421,52.40530500220278,-1.5765758603466453,37.53760438856773,34.96011132159477,129.9059432203153
4181.521,52.40529901010969,-1.5765645345972616,39.720446270261704,36.61044754633593,130.4759432203153
4181.621,52.405292793378,-1.5765527866234847,40.252660226579394,37.97857326249505,129.7859432203153
4181.722,52.40528674553677,-1.5765413053647612,34.33009079306738,36.67687700733125,130.49594322031527
4181.823,52.405280952686155,-1.5765301968000391,32.6401446578311,35.3347719547068,129.2159432203153
4181.922,52.40527566133232,-1.5765197977489067,29.571584461225235,33.40310035250366,125.85594322031528
4182.021,52.40527058912791,-1.576509541426663,30.882241933682714,32.568329325342226,125.16594322031528
4182.121,52.40526574616573,-1.5764994876162894,28.551536082331143,31.283173148088963,123.69594322031526
4182.222,52.405261130513225,-1.5764897209614062,27.17607221095294,29.87150064360067,124.53594322031529
4182.322,52.40525660481274,-1.5764799296589866,30.262693160053836,29.999005709418352,122.97594322031529
4182.422,52.40525208756959,-1.5764698886481021,30.821013950402083,30.46717368774243,124.00594322031526
4182.521,52.40524775275932,-1.5764600958430803,28.472362561774105,29.845243069082777,123.16594322031528
4182.621,52.405243519056256,-1.576450465504453,27.572374262322406,28.988127017860425,125.1459432203153
4182.721,52.40523948927354,-1.576441107671714,26.09882051443502,27.97232568815252,122.3959432203153
4182.821,52.40523567139403,-1.5764321587322414,24.09884622529808,26.667632308195696,122.76594322031531
4182.922,52.40523174666678,-1.5764230467271598,27.359519327073222,26.96966417030186,124.49594322031527
4183.022,52.4052278110559,-1.576414010475506,27.30422450950477,27.11373863079792,125.60594322031528
4183.121,52.405223230071336,-1.5764035490200914,40.151912857537006,31.765216712344493,126.26594322031531
4183.221,52.4052181534402,-1.5763918478704526,40.916305218210944,35.06428360043011,123.7059432203153
4183.321,52.40521291048146,-1.5763796514908188,38.5015012310165,36.43606721426999,124.7159432203153
4183.421,52.405207684752355,-1.5763673922217545,36.4452173693872,36.52216887522866,124.7159432203153
4183.522,52.405202223407,-1.5763545254187488,39.99843178003582,37.89963238483255,123.2059432203153
4183.622,52.40519675797564,-1.576341715775591,38.24065055502419,38.17350129666488,124.2059432203153
4183.722,52.4051915026795,-1.5763291434068598,35.699454945579966,37.21828536471477,122.67594322031528
4183.822,52.40518674608812,-1.5763178684911467,26.919499231106187,33.47644529894935,118.3359432203153
4183.921,52.405182467614765,-1.5763071699240963,28.16215432268713,31.555346344843038,120.53594322031529
4184.021,52.40517815024863,-1.5762963382336381,31.074721579409868,31.597068484354104,121.1559432203153
4184.121,52.4051738536949,-1.5762855848353179,30.57143123829581,31.391459554040658,122.63594322031531
4184.221,52.40516935552675,-1.576274285261284,35.26015969870658,32.949476272215435,122.5259432203153
4184.322,52.40516465774378,-1.5762625010426814,35.89825340685383,34.03696028219421,122.80594322031527
4184.422,52.40516027259513,-1.5762510532808642,31.37624115429618,33.01034265053616,119.2059432203153
4184.522,52.40515603856286,-1.5762396742769305,31.367744800914984,32.54921173643214,121.23594322031528
4184.622,52.405151901176566,-1.5762285853869162,29.86740019549106,31.742935661100233,118.93594322031527
4184.721,52.40514804801507,-1.576218260994365,26.30980417435434,29.85517077658499,118.49594322031527
4184.823,52.40514424601844,-1.5762080086190715,26.47787659692458,28.72532321642584,117.3359432203153
4184.922,52.40514064536336,-1.5761982536258798,26.794230652971898,28.12456389177422,116.72594322031529
4185.022,52.405137160165715,-1.5761885572545749,26.179595872310426,27.483459809195942,112.72594322031529
4185.122,52.405133928935015,-1.5761795488825494,21.942455641175997,25.519832193900278,115.35594322031528
4185.221,52.405130973977364,-1.5761711284460393,20.826138286029995,23.962303125907702,114.1559432203153
4185.322,52.40512810287876,-1.5761630725864695,19.93715416339814,22.558481093799905,113.8359432203153
4185.422,52.40512526675229,-1.576154956994747,23.377281270448442,22.840227129068854,114.13594322031531
4185.522,52.40512229231219,-1.5761463789749226,26.372372982115003,24.095463449298187,111.9659432203153
4185.622,52.40511934745499,-1.5761375733178642,25.590912978785106,24.52314468224836,113.56594322031526
4185.721,52.4051160963887,-1.5761279528598406,31.756624203630757,27.12873706628783,112.25594322031526
4185.822,52.40511207756008,-1.5761165588452006,39.981947579047535,31.82256122127712,115.53594322031529
4185.921,52.405107745617876,-1.576104023049507,42.61749765536717,35.53879374805216,113.06594322031526
4186.022,52.40510307490588,-1.576090468037463,41.0389258065614,37.64108249844521,115.8959432203153
4186.122,52.40509838536851,-1.5760766178937005,40.17764803929385,38.683178891343694,113.32594322031531
4186.221,52.405093615095936,-1.5760623626770656,42.49272835682371,40.106496200415755,114.10594322031528
4186.322,52.40508866411123,-1.576047530028605,42.21671743631776,40.8808867069156,113.03594322031529
4186.422,52.40508381531589,-1.5760328117063227,40.479817558126996,40.84903792270762,113.78594322031529
4186.522,52.405079167115595,-1.5760184310052219,37.406633268983136,39.743268256329124,113.92594322031528
4186.622,52.40507463637219,-1.5760041044995716,39.28313708817899,39.40777819504941,111.19594322031526
4186.721,52.40507022384766,-1.5759899832790292,39.079421375346676,39.136742135003104,111.4659432203153
4186.822,52.405065776083696,-1.575975611616613,38.488651628834404,38.96467826216294,114.6459432203153
4186.921,52.40506138515103,-1.5759614935973054,39.05575489169667,39.0899828257102,117.34594322031529
4187.022,52.405056779424285,-1.5759466444104218,42.10418325741,40.27761592816506,116.12594322031526
4187.121,52.40505222043342,-1.5759319445628817,41.43169758131004,40.677285062534075,115.4659432203153
4187.221,52.405047556082195,-1.5759172448720993,40.00699931421447,40.463051410765146,114.9559432203153
4187.322,52.4050430253273,-1.5759027971584862,37.38504369949999,39.27803907752294,114.68594322031527
4187.421,52.40503867492316,-1.5758889654591117,36.58020075291807,38.38672885760779,116.1459432203153
4187.521,52.40503425619855,-1.5758753085126829,36.418944665770745,37.75142299500086,117.63594322031531
4187.622,52.405029761019875,-1.5758615220716348,37.918702744642204,37.796424606856554,116.17594322031528
4187.722,52.40502540997567,-1.5758482396692137,34.809895909780415,36.81692162563897,117.1459432203153
4187.822,52.40502167648641,-1.5758369111881838,21.586279091845395,31.4436588144793,118.31594322031526
4187.921,52.405018481468545,-1.5758271809096005,19.67089694582623,27.25788285579064,116.26594322031531
4188.021,52.40501565230822,-1.5758187376012798,16.579846468082586,23.524586438907143,119.81594322031526
4188.122,52.40501306885931,-1.575811149507931,15.93058121787881,21.010903963924953,116.73594322031528
4188.221,52.40501064697521,-1.5758041197054053,17.76062500156296,19.914704181031894,117.25594322031526
4188.322,52.405008353957726,-1.5757974815667384,15.543256957044386,18.4446197488564,118.11594322031527
4188.422,52.40500628173527,-1.5757915221470997,13.202097104195701,16.751331240338338,118.74594322031527
4188.523,52.40500433513714,-1.575786050976813,12.332106344160778,15.314051539822447,120.3359432203153
4188.622,52.40500257945883,-1.5757811021639518,11.989595465993805,14.121471681984618,116.2059432203153
4188.721,52.405001035149446,-1.5757767610863986,9.073401258273632,12.395913755902587,116.75594322031526
4188.821,52.4049995038001,-1.5757725652821897,11.040308010503843,11.940105096105336,116.5259432203153
4188.921,52.40499798882659,-1.5757684728150463,11.19397516236517,11.690121180747274,118.2759432203153
4189.021,52.40499641957584,-1.5757643054899322,12.258858529114903,11.959466062423083,117.88594322031531
4189.121,52.40499491071002,-1.5757602365330083,10.836998960768732,11.628357528866589,116.34594322031529
4189.222,52.40499343867121,-1.5757562947385482,10.463798875431701,11.174731923566227,116.4659432203153
4189.322,52.404992082701554,-1.5757526550588752,8.818529680514724,10.414660043514017,116.17594322031528
4189.422,52.40499082552772,-1.5757493066290704,7.8442252763354094,9.60158637511491,115.91594322031528
4189.521,52.40498970844202,-1.5757463434596026,6.722136368815751,8.59235858137013,115.50594322031526
4189.621,52.40498868168701,-1.5757436434606231,6.077154222121476,7.769695259007093,115.0259432203153
4189.722,52.40498775245349,-1.5757411432435489,5.663520534783264,7.078746536586087,114.97594322031529
4189.822,52.40498689129733,-1.5757388337833589,5.519065520768815,6.609931532254982,117.11594322031527
4189.921,52.40498609979492,-1.575736674606617,5.386286709786264,6.213691216902431,115.22594322031529
4190.021,52.40498532849006,-1.575734509837264,5.862432693544892,6.122093942735041,115.3959432203153
4190.122,52.40498462710194,-1.57573248713734,4.625104603857625,5.625491392868873,115.07594322031531
4190.222,52.40498398861795,-1.5757306411657448,4.327773801029345,5.18211233304378,114.8959432203153
4190.321,52.40498337969555,-1.5757288954350963,4.419944998033608,4.960435283521792,117.09594322031529
4190.421,52.40498276720636,-1.5757270692288479,5.394609120483023,5.089238471439616,114.56594322031526
4190.522,52.4049821626079,-1.5757252012024088,5.199455256766716,5.112958394270463,114.1459432203153
4190.622,52.40498156251306,-1.5757233633770527,4.97046058942114,5.090521408842578,114.35594322031528
4190.721,52.40498101244114,-1.575721700778667,3.808376647703718,4.665479052798827,114.72594322031529
4190.822,52.40498052780622,-1.5757202117003617,2.693133959463691,4.080741808231202,115.01594322031531
4190.921,52.404980102846395,-1.575718906954323,2.8541289606971807,3.648427588731524,114.68594322031527
4191.021,52.40497968854516,-1.575717624976425,3.3297259226022726,3.5428185940136694,115.11594322031527
4191.122,52.404979301101626,-1.5757164269515869,2.7048641603333072,3.27853720517951,114.97594322031529
4191.221,52.40497898637094,-1.5757154750099884,1.3801611356791488,2.6708548901785116,115.9559432203153
4191.321,52.40497872751828,-1.5757146990729205,0.9758529763748984,2.1596961404704254,116.50594322031526
4191.421,52.40497851747602,-1.575714096221355,0.7673636796739034,1.6953833306710786,118.92594322031528
4191.521,52.40497834548029,-1.575713633546585,0.675249973717259,1.3231268279910604,117.05594322031527
4191.622,52.404978138224045,-1.5757130134871669,2.445591554377913,1.709517795980895,116.7159432203153
4191.721,52.40497775083697,-1.5757115805376725,7.696485859602675,3.86621798044082,118.29594322031528
4191.822,52.40497732708397,-1.5757099303460524,5.237830380639742,4.329037869396538,116.29594322031528
4191.922,52.40497691158728,-1.5757082358947399,4.596151744387004,4.459712969270354,118.2059432203153
4192.021,52.404976519543574,-1.5757065414677354,4.41648289300142,4.470203546539643,114.18594322031527
4192.122,52.404976142077494,-1.5757049050728191,4.021929663761482,4.230002218092437,113.8959432203153
4192.221,52.40497575759504,-1.575703235600842,4.860326070680897,4.401810037693343,113.88594322031531
4192.321,52.40497539006075,-1.5757015559840333,4.331361657051127,4.357607043983362,114.44594322031526
4192.421,52.40497508608113,-1.5756999130428384,4.017999726892828,4.192630360738364,114.23594322031528
4192.522,52.40497479719886,-1.5756982351046989,4.133859813897718,4.215523016693053,112.00594322031526
4192.621,52.40497444628103,-1.5756964125278445,5.18585096330714,4.714401441965358,109.56594322031526
4192.721,52.40497401635851,-1.5756944831893394,5.392314495666106,5.0160375383106155,110.48594322031528
4192.821,52.40497356023641,-1.5756925283438614,5.152674001808259,5.111111421878576,113.17594322031528
4192.921,52.40497289946192,-1.5756894539815351,13.154761379000902,7.960107787760225,115.50594322031526
4193.021,52.404972030520476,-1.5756854337642803,15.054465905741822,10.415605057441521,115.11594322031527
4193.121,52.40497101954242,-1.5756807992812785,15.244430117146571,12.019488718950937,114.25594322031526
4193.221,52.40496987773049,-1.5756757297016002,15.389986120738534,13.19701710200211,113.9059432203153
4193.321,52.40496863972622,-1.5756702891540748,15.767682944572254,14.180316012946871,112.4559432203153
4193.421,52.40496740331821,-1.5756649320763785,13.455551736932955,13.987249951878486,112.86594322031527
4193.521,52.40496634769256,-1.5756603724525577,8.101505741576634,11.909746719781204,112.86594322031527
4193.621,52.40496537505939,-1.5756562444184676,8.636833757630516,10.806661309728286,113.9059432203153
4193.722,52.404964234343566,-1.575651482136929,15.104670779660754,12.370417218918927,111.86594322031527
4193.821,52.404962914822974,-1.5756461826635717,17.37883033601075,14.119257197774536,115.2159432203153
4193.922,52.404961456521825,-1.5756404409219373,16.77665052472558,15.037950642976107,116.07594322031531
4194.021,52.404959794224716,-1.575634031099276,21.22870585079483,17.18064493470634,116.60594322031528
4194.121,52.40495794845522,-1.5756272494960624,20.083187854162468,18.13455165894784,119.3959432203153
4194.221,52.40495590363728,-1.5756198039406593,22.89677550116562,19.940035452285038,121.06594322031526
4194.321,52.404953406907694,-1.575610967134201,30.86947310453591,23.782066345565433,117.88594322031531
4194.422,52.404951084056066,-1.5756029286289126,17.351255102161144,21.50631179568133,117.36594322031527
4194.522,52.40494900898582,-1.575595871917543,14.63437898553922,19.130404414170577,116.72594322031529
4194.622,52.40494687127789,-1.5755887098989936,19.923237685985328,19.471271288066,116.55594322031527
4194.722,52.40494437230626,-1.5755806531466068,27.060218230847006,22.07210064823016,117.0859432203153
4194.821,52.40494171005511,-1.5755720560427062,26.68971710644813,23.782424068121948,117.76594322031531
4194.923,52.40493884982196,-1.5755630879463867,25.014282583982002,24.228400035350575,120.28594322031529
4195.022,52.404935948653716,-1.5755542848267252,25.659915465922733,24.680914193579344,121.53594322031529
4195.122,52.40493299411936,-1.5755453398579897,24.84114394398473,24.840426718178545,118.2059432203153
4195.221,52.404929991516056,-1.5755362870289478,26.166329807863562,25.417889343098132,119.06594322031526
4195.322,52.40492704756259,-1.5755273313409572,23.03747669225175,24.597356166220987,117.10594322031528
4195.422,52.40492426977144,-1.5755188255002357,21.605528100750483,23.560805090865177,117.01594322031531
4195.522,52.40492156776863,-1.5755106790766111,20.958164516279904,22.64428068036459,118.78594322031529
4195.621,52.404918966473545,-1.575502763136371,21.09737804554763,22.179184335011993,116.93594322031527
4195.722,52.404916369309035,-1.5754948111298113,21.002594628065772,21.809074333948843,115.07594322031531
4195.821,52.40491387888074,-1.5754872305974266,19.923164528648286,21.23818559336944,114.4059432203153
4195.921,52.40491146797039,-1.5754796844998302,20.11972798113147,20.80222905530306,111.88594322031531
4196.021,52.40490922654466,-1.5754725215372567,17.394186376129046,19.659326724914564,112.41594322031528
4196.122,52.40490711491895,-1.57546566142098,16.505890218257093,18.57876254792297,112.31594322031526
4196.221,52.40490485323423,-1.5754582151895287,24.269658422800312,20.51849596275928,114.59594322031529
4196.321,52.4049024658751,-1.5754501904109277,24.127418645600244,21.80302744667369,112.74594322031527
4196.421,52.40490007630436,-1.57544197501663,22.748527385089414,22.22616950270213,112.79594322031528
4196.521,52.40489782998899,-1.5754341070304034,19.511042410361732,21.214117053501727,112.07594322031531
4196.621,52.404895759956155,-1.5754267335336023,17.25940361886184,19.821689271763518,112.51594322031531
4196.722,52.40489401194317,-1.5754204743537037,10.681255669319576,16.64435979230508,113.11594322031527
4196.821,52.404892533666235,-1.5754152259038838,9.866502578929444,14.259753998843259,113.29594322031528
4196.922,52.404891246978565,-1.5754107478505188,7.522928764650431,11.968253257825092,115.88594322031531
4197.022,52.40489013807336,-1.5754070556865922,6.295640170208363,10.04995359481943,116.29594322031528
4197.121,52.40488920757206,-1.5754040482173708,5.099858643878495,8.318157137960377,115.67594322031528
4197.221,52.40488843449551,-1.5754015871564524,3.7141714752375057,6.760003483196576,115.42594322031528
4197.321,52.40488776180444,-1.575399519239031,3.5595312511446515,5.723063931937276,114.78594322031529
4197.421,52.40488716743351,-1.5753977344012173,3.3090243930778094,4.96579189644551,114.82594322031531
4197.521,52.40488662931034,-1.575396140889026,3.3388654978876646,4.447880632454798,115.98594322031528
4197.622,52.40488614182479,-1.5753947496414884,2.6735686484963255,3.879256040797916,115.4559432203153
4197.723,52.40488571575268,-1.5753936068912024,1.8208518284242075,3.238214832083327,113.34594322031529
4197.822,52.40488537134815,-1.575392746689454,1.0239084556702183,2.5380469941015567,113.2159432203153
4197.921,52.40488507457169,-1.5753920793152993,0.9915665481060614,2.0371746908356916,112.87594322031526
4198.022,52.40488469592397,-1.5753912598617863,3.1472693617031933,2.4855377707238313,115.3959432203153
4198.121,52.40488418656784,-1.575390074239598,5.671326608210264,3.577025546356713,115.2759432203153
4198.222,52.40488368764286,-1.5753888009596744,3.78300881080263,3.658998448248427,113.35594322031528
4198.321,52.40488304480424,-1.575387130281514,7.366629002764545,4.872355192460257,114.8959432203153
4198.422,52.404882370715605,-1.5753852339114618,6.039676739860076,5.306778500601228,112.76594322031531
4198.522,52.40488171796027,-1.5753833164036177,5.307411469303961,5.362382497839981,114.2059432203153
4198.622,52.40488116644983,-1.5753816742978037,3.2806163167155784,4.5776696622974,114.85594322031528
4198.722,52.40488070657031,-1.5753802397072387,2.7632768553954685,3.957582283641618,112.87594322031526
4198.821,52.40488029467133,-1.5753789094812083,3.052056076662877,3.6797890088506957,114.7759432203153
4198.922,52.40487997027565,-1.5753778720192848,1.2661483788193422,2.8187613400221023,115.01594322031531
4199.022,52.4048797424521,-1.5753771344959377,0.5250197926440101,2.0188093429749157,114.94594322031526
4199.121,52.404879579333965,-1.5753765978001784,0.3514548174308787,1.4790829116973079,114.5259432203153
4199.221,52.40487947126646,-1.5753762539706633,0.0,0.944540337868027,115.50594322031526
4199.321,52.40487939935326,-1.575376024489034,0.0,0.6300210458016946,112.88594322031531
4199.421,52.404879331199524,-1.575375817400012,0.30251653210191054,0.5746199080482972,112.7159432203153
4199.521,52.40487928224828,-1.575375693609153,0.0,0.3602578590915204,115.25594322031526
4199.621,52.404879260462984,-1.5753756326818587,0.0,0.1724615468766868,112.84594322031529
4199.721,52.40487923960128,-1.575375574721435,0.0,0.16434197504650488,113.25594322031526
4199.821,52.404879222022245,-1.5753755293875955,0.0,0.1311796180316297,115.31594322031526
4199.922,52.4048792078454,-1.575375488556801,0.0,0.11359387634896836,114.3359432203153
4200.022,52.40487920613319,-1.57537544518838,0.0,0.10612991778658323,112.56594322031526
4200.122,52.404879225571186,-1.5753754028686886,0.0,0.1293644515980937,114.4059432203153
4200.222,52.40487926406883,-1.5753753448313197,0.0074404862826102924,0.2093717352329917,114.01594322031531
4200.322,52.404879630499195,-1.5753749850982983,3.940393900702473,1.7097739520932316,114.2759432203153
4200.421,52.40488014960856,-1.5753745162029054,3.0928183012932804,2.3965779739829554,111.57594322031531
4200.521,52.40488059871086,-1.5753741480810017,0.6800502424226857,2.0100037814441802,112.99594322031527
4200.621,52.40488095309704,-1.575373867987817,0.2600326859229314,1.5749058573248556,113.3959432203153
4200.721,52.404881246066516,-1.5753736507415828,0.0,1.2871795515615876,113.80594322031527
4200.822,52.40488151021932,-1.5753735035006966,0.0,1.1058141846977656,116.4659432203153
4200.921,52.40488174672474,-1.5753733982653448,0.0,0.9909045820156749,117.24594322031527
4201.022,52.40488240255336,-1.575373211149697,4.725255306152118,2.638380100920682,120.05594322031527
4201.122,52.40488357657534,-1.575373103251373,8.651124716580934,4.707011234752852,121.74594322031527
4201.222,52.40488524037902,-1.5753733292048095,11.309002942933141,6.683053591806693,126.05594322031527
4201.322,52.40488748594049,-1.5753740651924142,14.092029277890104,9.166945702024446,127.93594322031527
4201.422,52.40489020997795,-1.5753753231597132,15.30376886088504,11.32884199230302,134.56594322031526
4201.522,52.40489337303659,-1.5753770506522595,16.45929084634315,13.346070336716515,139.2259432203153
4201.622,52.40489709832358,-1.5753792651677372,19.787720314204172,15.862711578005573,140.61594322031527
4201.721,52.404901180292065,-1.5753820447341134,21.52771365906574,17.87271062555822,135.05594322031527
4201.821,52.40490540946144,-1.5753854853374358,20.32573321362072,18.899795823866445,133.23594322031528
4201.922,52.40490963793611,-1.575389571823149,19.9100321963923,19.454908273691093,136.3259432203153
4202.021,52.40491352589991,-1.5753935949719715,15.19972482289894,18.591114111829466,139.68594322031527
4202.122,52.404917450943316,-1.5753975475647446,14.160246306553208,18.25753768575046,146.8259432203153
4202.221,52.404921467596424,-1.5754015807414354,16.980740741982142,19.046061558781556,147.2259432203153
4202.322,52.404925463136784,-1.5754056672437138,16.94909009046552,18.665539154925725,142.7759432203153
4202.422,52.404929575902564,-1.5754098251785777,20.385150499875735,19.342913840800204,150.2759432203153
4202.522,52.40493393653484,-1.5754141990092876,21.09783662881331,20.46431742300056,153.9059432203153
