time,truth_east,truth_north,dr_east,dr_north
0.021999999999934516,0.0,0.0,0.0,0.0
0.12199999999984357,-0.14922504882137005,-1.5900874514270948,-0.13462465989597774,-1.5261459326539146
0.22200000000020736,-0.31201601118017075,-3.213533379657213,-0.26500955909862955,-3.0560010395666026
0.3220000000001164,-0.4680240167551949,-4.836979308677418,-0.39215810383347194,-4.589519997216881
0.42099999999982174,-0.6240320223603415,-6.415947267310114,-0.5158023439643971,-6.1116288218966766
0.5210000000001855,-0.7732570711817115,-7.961556747559611,-0.6405679786525357,-7.651667333299498
0.6210000000000946,-0.9021332497119967,-9.48492724222031,-0.764918385551081,-9.199022294421368
0.7210000000000036,-1.051358298533367,-11.041656215264206,-0.8884513978464992,-10.75343218417435
0.8209999999999127,-1.180234477063652,-12.587265695513706,-1.0115693873492901,-12.315060510830993
0.9220000000000255,-1.3158936123475915,-14.13287517655329,-1.1368977930195427,-13.900051049582576
1.0219999999999345,-1.4583357044153074,-15.656245671213988,-1.2612976979435973,-15.479308950086542
1.1219999999998436,-1.5872118829455926,-17.246333121850995,-1.3862146633250456,-17.06441627932802
1.2210000000000036,-1.716088061475878,-18.769703616511695,-1.5095911467240248,-18.639090004969244
1.3220000000001164,-1.838181283252509,-20.34867157593448,-1.634589900864776,-20.250974129862925
1.4209999999998217,-1.9602745050140793,-21.883161563389574,-1.7551899569566878,-21.834246296202746
1.5219999999999345,-2.082367726775649,-23.428771043639074,-1.8760412202832852,-23.45026217070945
1.6210000000000946,-2.184112078246134,-24.95214153829977,-1.99218539775673,-25.035046402147756
1.7210000000000036,-2.3062053000077043,-26.53110949614238,-2.1083106384955834,-26.635480865196474
1.8209999999999127,-2.4079496514932504,-28.054479992383254,-2.223568488186045,-28.2335230910164
1.9220000000000255,-2.523259916486105,-29.611208965427153,-2.339099907539657,-29.84490415226682
2.0210000000001855,-2.59787244089679,-31.13457946008785,-2.4508110880353784,-31.423916488054054
2.1210000000000946,-2.6928338355985595,-32.64683046274424,-2.562022830808345,-33.01820306513343
2.2220000000002074,-2.760663403255591,-34.14796197181614,-2.671888711157056,-34.62895617308436
2.3220000000001164,-2.8488418411886456,-35.70469094486003,-2.778161573586044,-36.22467355423059
2.4220000000000255,-2.875973668248445,-37.127986005951314,-2.880624641809303,-37.82361005869614
2.5210000000001855,-2.943803235890415,-38.6624759941965,-2.9806264601964516,-39.409516831580454
2.6210000000000946,-3.0048498467787303,-40.185846488857194,-3.0806614634417624,-41.017517137685005
2.7210000000000036,-3.065896457667046,-41.75369495469549,-3.1805031083319832,-42.628256648620955
2.8209999999999127,-3.147291938846447,-43.33266291332819,-3.2797503245378428,-44.24200590638192
2.9209999999998217,-3.181206722674962,-44.84491391519449,-3.3785220681061685,-45.85645776237483
3.0219999999999345,-3.2354703767795003,-46.401642888238385,-3.474609879736524,-47.48770553484166
3.1219999999998436,-3.2829510741454473,-47.93613287648357,-3.5673455546404376,-49.10030000479486
3.2210000000000036,-3.3507806417723556,-49.54845931191929,-3.656979394048697,-50.69810282369011
3.3209999999999127,-3.3846954256159325,-51.10518828496319,-3.7446376408499416,-52.3165138175139
3.4209999999998217,-3.4253931661981016,-52.695275736390286,-3.8301794507365976,-53.93920710440763
3.5219999999999345,-3.479656820317702,-54.31872166541049,-3.918504451237636,-55.57876853518672
3.6210000000000946,-3.5067886473775025,-55.89768962404318,-4.006648320474401,-57.18813611309162
3.7220000000002074,-3.5339204744373025,-57.49889656747459,-4.09616586115548,-58.83052650589907
3.8209999999999127,-3.5678352582658177,-59.100103510905996,-4.1830297819757085,-60.43889102733057
3.9209999999998217,-3.594967085325618,-60.71242994792189,-4.269812454139694,-62.0600025147283
4.0219999999999345,-3.6220989123703564,-62.32475638335761,-4.354849940057816,-63.69815563666482
4.121000000000095,-3.642447782676503,-63.9482023131679,-4.434325893403879,-65.30365406999627
4.221000000000004,-3.6627966529525264,-65.5716482421881,-4.512775150906404,-66.92417004934117
4.320999999999913,-3.683145523258672,-67.18397467762382,-4.5911681502928445,-68.54113423037549
4.4220000000000255,-3.683145523258672,-68.80742060664403,-4.6709233493686435,-70.17445716529366
4.5219999999999345,-3.6967114367961025,-70.44198602924872,-4.7497857688930045,-71.78914784749028
4.621999999999844,-3.6899284800123264,-72.07655145027323,-4.828807808593825,-73.40272522469091
4.721000000000004,-3.6899284800123264,-73.72223636488224,-4.906209556229831,-75.00014337103437
4.822000000000116,-3.683145523258672,-75.35680178590675,-4.984027570710638,-76.63073982811211
4.9220000000000255,-3.676362566489957,-77.00248670130584,-5.060145029012835,-78.24356955194241
5.0210000000001855,-3.683145523258672,-78.64817161512477,-5.134687884248421,-79.83984424790341
5.121999999999844,-3.676362566489957,-80.26049805135057,-5.210423643068906,-81.46754089106828
5.222000000000207,-3.6627966529525264,-81.90618296595957,-5.285500341236414,-83.07925763096297
5.320999999999913,-3.6560136962139334,-83.52962889576987,-5.358546759194106,-84.67782030538457
5.420999999999822,-3.6356648259077873,-85.1419553312056,-5.431399374359486,-86.29697206462845
5.5210000000001855,-3.601750042079272,-86.7542817674314,-5.504320125244579,-87.92297608115818
5.621000000000095,-3.594967085325618,-88.3777276964516,-5.577213086585209,-89.55595806033352
5.722000000000207,-3.5542693447283873,-89.9566956550843,-5.649906578063496,-91.21153653106799
5.820999999999913,-3.547486387959671,-91.62461955449201,-5.721192059693135,-92.83776788612036
5.920999999999822,-3.527137517668587,-93.25918497630663,-5.793015012755249,-94.48414069395086
6.0210000000001855,-3.5135716041462173,-94.93822836850873,-5.864842216926056,-96.1318752073209
6.121999999999844,-3.479656820317702,-96.52831581993583,-5.938133817872835,-97.79565318435785
6.222000000000207,-3.4593079500266177,-98.15176174895603,-6.013054069679384,-99.44253443338253
6.320999999999913,-3.445742036504248,-99.81968564836376,-6.089932932365146,-101.07456189454331
6.4220000000000255,-3.4321761229969394,-101.44313157738395,-6.170316812436862,-102.74244887088825
6.5210000000001855,-3.405044295907017,-103.08881649199296,-6.250364314171762,-104.38069992480791
6.621000000000095,-3.398261339138301,-104.72338191380757,-6.332223767627768,-106.03788138178543
6.721000000000004,-3.377912468847217,-106.33570834924329,-6.412081153928799,-107.69669048021726
6.822000000000116,-3.364346555309786,-107.99251275664669,-6.490125786089632,-109.37452036100852
6.9220000000000255,-3.3439976850337625,-109.61595868566688,-6.564215770191079,-111.03771780600039
7.0210000000001855,-3.337214728265047,-111.2505241074815,-6.63507967628419,-112.68384809110259
7.121999999999844,-3.316865857958901,-112.88508952850601,-6.704559042757802,-114.36538869414525
7.222000000000207,-3.3032999444365316,-114.48629647272752,-6.77431444250575,-116.03408938403743
7.320999999999913,-3.2829510741454473,-116.1208618945421,-6.8451445361539465,-117.68855625675016
7.420999999999822,-3.2693851606080164,-117.74430782356232,-6.918201762014697,-119.3608850526434
7.5210000000001855,-3.249036290316932,-119.36775375258252,-6.991158524290117,-121.03481893128284
7.621999999999844,-3.2354703767795003,-120.99119968160274,-7.062561714406682,-122.72640047989522
7.722000000000207,-3.221904463272193,-122.62576510262724,-7.129274329991796,-124.40294619301744
7.822000000000116,-3.2015555929660464,-124.24921103164746,-7.1923819170738055,-126.08031163246893
7.920999999999822,-3.1947726361973317,-125.86153746866334,-7.252949867402263,-127.74176318374342
8.021000000000186,-3.1744237659062464,-127.46274441209475,-7.313181655714812,-129.42404960447786
8.121999999999844,-3.1608578523688164,-129.09730983390935,-7.375248791915802,-131.12690409564829
8.221000000000004,-3.133726025309016,-130.68739728533646,-7.436675728732851,-132.7986306572406
8.322000000000116,-3.1201601117866464,-132.34420169194976,-7.500481521544847,-134.50556368821384
8.420999999999822,-3.1133771550179308,-133.95652812817556,-7.564540425371764,-136.18224308481874
8.521000000000186,-3.099811241495562,-135.5688545644014,-7.629764677100966,-137.8786232969473
8.621999999999844,-3.0862453279581312,-137.19230049342158,-7.695880811750488,-139.59634982987833
8.722000000000207,-3.0726794144357616,-138.8157464224418,-7.76107127266431,-141.30144397008948
8.822000000000116,-3.065896457667046,-140.42807285945767,-7.824210795288362,-143.01362018088582
8.920999999999822,-3.0523305441446764,-142.06263828048222,-7.884155993847665,-144.71415581116415
9.021999999999935,-3.059113500913392,-143.6972037022968,-7.943778060360813,-146.45316657813402
9.121999999999844,-3.025198717084877,-145.2984106457282,-8.002087307380219,-148.17833866277567
9.222000000000207,-3.025198717084877,-146.93297606754282,-8.061364357617412,-149.90781756123275
9.320999999999913,-2.9980668900250764,-148.54530250376862,-8.121427972005327,-151.6252625340792
9.420999999999822,-2.9641521061965608,-150.14650944720003,-8.18223863206828,-153.36568381025432
9.521000000000186,-2.950586192659131,-151.79219436180904,-8.242511444470448,-155.11052830729903
9.621000000000095,-2.909888452092022,-153.39340130682064,-8.301120181473232,-156.8597797004626
9.721000000000004,-2.875973668248445,-154.99460824946192,-8.356972932588752,-158.61251830850824
9.822999999999865,-2.8420588844199295,-156.59581519289333,-8.41096380339701,-160.40187815550271
9.922000000000025,-2.8149270573601295,-158.20814162990925,-8.46083503745067,-162.13979132221078
10.021000000000186,-2.7742293167779604,-159.83158755892944,-8.508763600784656,-163.8810080095504
10.121999999999844,-2.726748619442137,-161.43279450236085,-8.556426420770917,-165.6592813480338
10.221000000000004,-2.6792679220761904,-163.05624043059095,-8.60267353810882,-167.40343022111526
10.320999999999913,-2.625004267971651,-164.66856686760687,-8.648713087680528,-169.16442592932742
10.422000000000025,-2.57074061383699,-166.28089330383267,-8.696522194999542,-170.9412121766393
10.521999999999935,-2.5029110461950204,-167.89321974005847,-8.745265902607347,-172.6995381270115
10.621999999999844,-2.44864739207542,-169.5166656690787,-8.795011293713868,-174.45715678495296
10.721000000000004,-2.3876007812021656,-171.10675312050577,-8.846453950379829,-176.19499648630207
10.820999999999913,-2.3197712135300734,-172.71907955673157,-8.902957814327927,-177.94956804731012
10.922000000000025,-2.24515868913445,-174.33140599295737,-8.963111535500634,-179.72136915097923
11.021000000000186,-2.1705461647237647,-175.9437324291832,-9.022684279544173,-181.45436944190521
11.121999999999844,-2.102716597066734,-177.556058865409,-9.084199398514004,-183.21729635072464
11.222000000000207,-2.0213211159023947,-179.1795047944292,-9.144693958261506,-184.9586509361135
11.322000000000116,-1.9399256347229938,-180.7473532602675,-9.202212430103215,-186.69783726799022
11.420999999999822,-1.8449642400061632,-182.3930381748765,-9.255347954018905,-188.4165846837251
11.521000000000186,-1.763568758841824,-184.01648410389672,-9.306049350929882,-190.15123158051776
11.621000000000095,-1.6618244073562776,-185.61769104732812,-9.354554991440985,-191.8874644957292
11.721000000000004,-1.5600800558857926,-187.23001748355392,-9.401185161942944,-193.62567592960258
11.820999999999913,-1.4651186611840228,-188.80898544218664,-9.445182664341603,-195.3617056482604
11.920999999999822,-1.3837231800196836,-190.43243137120683,-9.488098313315598,-197.09921930271528
12.021999999999935,-1.2751958717654222,-192.01139932983952,-9.531641597500467,-198.85578668279834
12.121999999999844,-1.1598856067725674,-193.5903672876821,-9.573694704574594,-200.59505427309955
12.222000000000207,-1.0377923850109974,-195.13597676793162,-9.615016783087192,-202.33626810406233
12.322000000000116,-0.9428309902941663,-196.7260642185686,-9.656986617856074,-204.08269125175298
12.420999999999822,-0.8003888982415116,-198.30503217720133,-9.6980976758935,-205.81412810163079
12.521000000000186,-0.7054275035397418,-199.91735861421725,-9.738770328201472,-207.56587891294885
12.621000000000095,-0.5629854114870871,-201.49632657205984,-9.779987880184128,-209.32300694335783
12.721000000000004,-0.4544581032328255,-203.11977250108,-9.821793567297258,-211.0852000856369
12.820999999999913,-0.32558192471760145,-204.70985995250712,-9.864538054093966,-212.8515070512889
12.920999999999822,-0.19670574617225495,-206.28882791034974,-9.909491269874106,-214.620637779325
13.021999999999935,-0.06104661088831557,-207.8455568833936,-9.957513128647056,-216.41024838336898
13.121999999999844,0.07461252441068503,-209.46900281241383,-10.00797194441928,-218.1818437599769
13.221000000000004,0.2034887029409703,-211.03685127825213,-10.060097435970437,-219.93406598909206
13.320999999999913,0.3527137517623403,-212.61581923688485,-10.113490197648336,-221.7035286173379
13.422000000000025,0.47480697353897144,-214.21702618031622,-10.166956241040815,-223.4914238016023
13.521999999999935,0.6240320223603415,-215.78487464536443,-10.218991843952862,-225.2604379524401
13.621000000000095,0.7529082008906268,-217.37496209679156,-10.268953494492548,-227.0108717848925
13.721000000000004,0.8885673361896274,-218.976169041013,-10.317229652581467,-228.77949083542217
13.820999999999913,1.0174435147199126,-220.57737598523454,-10.364634728565452,-230.54539670839003
13.920999999999822,1.1870174338173063,-222.13410495748835,-10.41177327923214,-232.30624533489504
14.021000000000186,1.322676569131368,-223.73531190091973,-10.459037860584692,-234.06649166811238
14.121000000000095,1.4583357044303686,-225.35875782914985,-10.506504594802868,-235.82869755872403
14.221000000000004,1.6075607532517386,-226.90436731018946,-10.555974478418348,-237.59235040725216
14.320999999999913,1.7500028453043932,-228.48333526882212,-10.608421860222341,-239.3598924901743
14.420999999999822,1.8856619806033943,-230.07342272024925,-10.665646019169952,-241.1333284569662
14.521000000000186,2.0281040726560486,-231.6635101716763,-10.726470067791118,-242.9105583071723
14.621000000000095,2.1908950350148495,-233.25359762231335,-10.791652552076902,-244.68888216438881
14.721000000000004,2.3333371270825656,-234.86592405853912,-10.860389060017347,-246.46910817489436
14.820999999999913,2.482562175903935,-236.45601150917616,-10.930758770530732,-248.25084137592907
14.920999999999822,2.6317872247102443,-238.05721845260754,-11.00168974939737,-250.0307406192377
15.021000000000186,2.7877952303153912,-239.65842539603898,-11.070849726857096,-251.80702322277847
15.121000000000095,2.9302373223831064,-241.23739335467167,-11.133571863440658,-253.57746235704306
15.221000000000004,3.0862453279581312,-242.82748080609878,-11.188276330754288,-255.33383369473978
15.320999999999913,3.2490362903319925,-244.42868774953016,-11.23955551424844,-257.0831010965115
15.420999999999822,3.411827252675732,-246.01877520016717,-11.287436803203464,-258.83319135721484
15.521000000000186,3.5814011717881873,-247.63110163718306,-11.333728890684979,-260.58794399386346
15.621000000000095,3.7781069179755034,-249.25454756620329,-11.382477777610607,-262.350958426278
15.721000000000004,3.9408978803192425,-250.86687400242906,-11.435983527915639,-264.1294279158011
15.820999999999913,4.130820669737844,-252.44584196106177,-11.490852795166703,-265.91650855897575
15.922000000000025,4.307177545619014,-254.06928789008197,-11.549507801690147,-267.7240260258973
16.021000000000186,4.4903173782689,-255.65937534071898,-11.611214073897214,-269.4972939646835
16.121000000000095,4.680240167672439,-257.26058228415036,-11.676635522453827,-271.29012113092483
16.221000000000004,4.870162957106101,-258.8617892283719,-11.743678298999273,-273.0826064876862
16.320999999999913,5.053302789740925,-260.4518766790089,-11.81159425698876,-274.87322098758307
16.422000000000025,5.250008535928242,-262.0197251448472,-11.87875181178624,-276.6796097785119
16.521999999999935,5.426365411794351,-263.6654100594562,-11.943720327698058,-278.4646322420441
16.621999999999844,5.616288201212951,-265.2332585252945,-12.008100908531434,-280.246876132863
16.722000000000207,5.799428033862837,-266.8233459759315,-12.071653240876516,-282.0270772760271
16.822000000000116,6.002916736803807,-268.4134334265685,-12.134768961340745,-283.8073096721278
16.92099999999982,6.186056569453692,-269.9924013852012,-12.195718191759642,-285.57222165971746
17.021999999999935,6.382762315641009,-271.5491303582451,-12.256297778685768,-287.37512170468693
17.121000000000095,6.5862510185819785,-273.1503373016765,-12.313976431466974,-289.14412671164513
17.228000000000065,6.789739721522949,-274.7181857675148,-12.375588569462364,-291.0575489692628
17.320999999999913,6.966096597389058,-276.341631696535,-12.427855338826795,-292.720579249726
17.422000000000025,7.183151213882519,-277.9317191479621,-12.484138584029562,-294.5270733688118
17.521999999999935,7.373074003301121,-279.5218065985991,-12.53936921601827,-296.31753807793655
17.621999999999844,7.576562706227031,-281.0896550644374,-12.5960566684861,-298.11103380222215
17.721000000000004,7.732570711817116,-282.6686230230701,-12.654125413103248,-299.8916358735556
17.820999999999913,7.888578717422262,-284.2475909809127,-12.713878922771233,-301.694310956291
17.922000000000025,8.119199247407971,-285.7932004611622,-12.771759444908293,-303.5165464929644
18.021000000000186,8.315904993595288,-287.36104892700047,-12.82478960484978,-305.3012892637264
18.121999999999844,8.478695955939028,-288.9733753632263,-12.87419387409002,-307.1190099950749
18.222000000000207,8.675401702126344,-290.6301797714198,-12.918700192797216,-308.91441207256804
18.322000000000116,8.844975621238797,-292.25362569964994,-12.961252534105856,-310.7074758221601
18.422000000000025,9.062030237717199,-293.81035467269385,-13.003913440657147,-312.4996350409581
18.521999999999935,9.272301897426885,-295.3670836457377,-13.047080645500222,-314.2929076228747
18.621999999999844,9.475790600367853,-296.9460516035803,-13.089577760352396,-316.0864390002034
18.721000000000004,9.686062260077541,-298.4916610846199,-13.130337370296715,-317.8628331861212
18.820999999999913,9.882768006249796,-300.0817485352569,-13.169732691824494,-319.6574610149966
18.922000000000025,10.10660557948185,-301.62735801550645,-13.207450013495933,-321.46703901254295
19.021000000000186,10.29652836890045,-303.1952064813447,-13.2416470033807,-323.239147413301
19.121000000000095,10.500017071841421,-304.7741744399774,-13.274454342856698,-325.0263584128522
19.222000000000207,10.717071688319821,-306.3309034122312,-13.306140669939643,-326.82664751953826
19.322000000000116,10.934126304798223,-307.88763238606515,-13.33625576578525,-328.6032509640611
19.422000000000025,11.157963878030278,-309.4332418663147,-13.364961443452868,-330.379199985928
19.521999999999935,11.354669624202533,-311.0122098241573,-13.393796010470359,-332.15111029206014
19.621999999999844,11.585290154203305,-312.5466998116124,-13.422956853904006,-333.92234206260633
19.722000000000207,11.809127727435358,-314.1256677702451,-13.452645613861051,-335.6950020380837
19.822000000000116,12.019399387145043,-315.6935162360834,-13.482886596785837,-337.47027356333376
19.92099999999982,12.236454003623447,-317.26136470192165,-13.51418392948144,-339.22833429157794
20.021999999999935,12.467074533609155,-318.81809367496555,-13.54956842480738,-341.0235233947771
20.121999999999844,12.697695063624986,-320.3748226480095,-13.586607675440453,-342.8008468871396
20.222000000000207,12.914749680088326,-321.9426711138478,-13.625238571440718,-344.5763263716946
20.320999999999913,13.152153166857813,-323.51051957968605,-13.664697966233893,-346.33073894446807
20.422000000000025,13.396339610380952,-325.07836804473425,-13.70552625039595,-348.1178698825791
20.521999999999935,13.633743097165498,-326.657336003367,-13.74562643064911,-349.8840949708102
20.621999999999844,13.871146583919924,-328.22518446920526,-13.787193668325186,-351.64733461799415
20.721000000000004,14.10855007068941,-329.7930329350436,-13.831122729042352,-353.3911648609686
20.820999999999913,14.345953557443831,-331.3608814000918,-13.87873198413578,-355.1525196135417
20.922000000000025,14.590140000997097,-332.93984935793435,-13.929260658379693,-356.9306285473542
21.021999999999935,14.84110940127389,-334.5299368101516,-13.980268612617884,-358.6907335610446
21.121000000000095,15.078512888058436,-336.1533827391718,-14.029688545408172,-360.4298840152514
21.221000000000004,15.322699331581578,-337.77682866819197,-14.077790356917346,-362.1825355082084
21.322000000000116,15.58045168865721,-339.3446771332402,-14.126856617068844,-363.9461959690752
21.42099999999982,15.851769959240148,-340.8791671206953,-14.176428896649718,-365.66880062766916
21.521999999999935,16.116305273054373,-342.4692545721224,-14.22917096385694,-367.42066999735687
21.621000000000095,16.367274673361287,-344.0927005011426,-14.283625991114844,-369.13437101847614
21.722000000000207,16.625027030421858,-345.72726592295714,-14.342550936015046,-370.8776926998079
21.822000000000116,16.875996430713716,-347.339592359183,-14.404522082043954,-372.5961405890965
21.922000000000025,17.15409765806537,-348.9074408242312,-14.47034966268131,-374.30615628376387
22.021000000000186,17.425415928663373,-350.5197672612471,-14.539710554022953,-375.9916460494188
22.121000000000095,17.649253501880366,-352.1988106534492,-14.611890691108417,-377.68646337819
22.222000000000207,17.940920642784512,-353.7777786120819,-14.685991976065978,-379.38834470453907
22.322000000000116,18.191890043076366,-355.4012245411021,-14.756834848605637,-381.0684807508484
22.422000000000025,18.42929352983079,-357.0246704701223,-14.824780925283406,-382.7439471932512
22.521000000000186,18.67347997338405,-358.6369969063481,-14.889079130485252,-384.39968676161243
22.621000000000095,18.938015287198276,-360.30492080575584,-14.951761989790752,-386.0668027443873
22.722000000000207,19.161852860430333,-361.96172521315924,-15.013163291976523,-387.74648682793213
22.820999999999913,19.392473390431103,-363.59629063497385,-15.07056894709875,-389.38929520372653
22.922000000000025,19.636659833969304,-365.21973656399405,-15.124013371022158,-391.0640268052605
23.021000000000186,19.90119514779859,-366.8543019850186,-15.173375253867617,-392.6998717937386
23.121999999999844,20.274257769867077,-368.3554334948806,-15.22019515090975,-394.36327083842485
23.222000000000207,20.532010126882465,-370.01223790228397,-15.262232788136792,-396.00783066455233
23.322000000000116,20.85759205163019,-371.5467278897391,-15.300291826445468,-397.6479996833772
23.422000000000025,21.094995538384612,-373.2035322971425,-15.340723577222247,-399.281649779555
23.521999999999935,21.352747895445184,-374.90481467414327,-15.385454007692145,-400.9144400955845
23.621000000000095,21.576585468692297,-376.6394555295273,-15.434853466611822,-402.5294259740467
23.722000000000207,21.79364008515564,-378.362976892907,-15.491558120776228,-404.17711865878357
23.822000000000116,22.058175398969865,-380.0197813003104,-15.552439790781408,-405.81215851536393
23.922000000000025,22.315927756045497,-381.6988246925126,-15.612667169255886,-407.4468320965854
24.021000000000186,22.627943767225666,-383.33339011432713,-15.66908492238116,-409.0617705396982
24.121000000000095,22.899262037808608,-384.97907502814604,-15.729252634335683,-410.6940875125258
24.222000000000207,23.163797351637893,-386.62475994354514,-15.796598045412305,-412.34708997693286
24.320999999999913,23.44868153575826,-388.27044485736405,-15.869824375783349,-413.9592598560092
24.422000000000025,23.713216849572486,-389.9606077423606,-15.951175328980288,-415.59388596476015
24.521000000000186,23.977752163416834,-391.650770626567,-16.031134417883546,-417.18132228209004
24.621999999999844,24.249070433999773,-393.3409335123536,-16.106646724336905,-418.7876883394464
24.721000000000004,24.506822791060344,-395.0088574117613,-16.170430075173954,-420.3465129992366
24.820999999999913,24.757792191352202,-396.676781311169,-16.22786882063973,-421.91466851063126
24.922000000000025,25.008761591659116,-398.36694419616555,-16.284021148177878,-423.4969781263196
25.021000000000186,25.280079862242058,-400.05710708116203,-16.33793684920987,-425.04992794278223
25.121000000000095,25.537832219302626,-401.7472699661586,-16.390056213289444,-426.6168069334963
25.221000000000004,25.795584576363197,-403.4263133591508,-16.440188102987882,-428.1804593853382
25.320999999999913,26.05333693343883,-405.1053567513529,-16.49000826524301,-429.74048111177075
25.422000000000025,26.31108929048434,-406.7844001427649,-16.538045300246207,-431.3136905236834
25.521000000000186,26.575624604313624,-408.48568252134595,-16.58382595514231,-432.8537805059059
25.621000000000095,26.8333769613742,-410.15360642075365,-16.631248421016043,-434.4079712469377
25.722000000000207,27.091129318419707,-411.8437693057502,-16.684528347731035,-435.9779597049291
25.822999999999865,27.34888167549534,-413.5228126979523,-16.744208254120462,-437.55159462343164
25.92099999999982,27.599851075787193,-415.21297558294884,-16.808143461304006,-439.0834836829706
26.021999999999935,27.864386389616477,-416.9253774535341,-16.87478243745542,-440.6659863463563
26.121999999999844,28.122138746661985,-418.6155403385306,-16.93819441588757,-442.2329755611508
26.222000000000207,28.373108146968903,-420.3279422091159,-16.995630569592883,-443.7987281682458
26.320999999999913,28.617294590492044,-422.06258306449996,-17.045750014053628,-445.34491217872795
26.422000000000025,28.902178774612413,-423.708267979109,-17.089959840058846,-446.91680235977293
26.521999999999935,29.1395822613819,-425.3761918785167,-17.1325615404528,-448.46992739480834
26.621999999999844,29.410900531979898,-427.0997132411063,-17.17402268375863,-450.02441715779
26.722000000000207,29.661869932271756,-428.7453981549252,-17.212974721446532,-451.57714103073306
26.822000000000116,29.899273419041236,-430.468919519095,-17.24692923248241,-453.12747493342675
26.922000000000025,30.190940559930326,-432.14796291129716,-17.278409038338687,-454.6729638910981
27.021000000000186,30.462258830528327,-433.84924528908806,-17.307089515852443,-456.1998672699262
27.121000000000095,30.740360057864923,-435.5394081740846,-17.33605796954665,-457.73828969040864
27.222000000000207,31.025244241985295,-437.17397359510903,-17.368326506777844,-459.28789479810393
27.322000000000116,31.310128426105667,-438.8418974953069,-17.40616656993115,-460.8207104230965
27.422000000000025,31.62892739405455,-440.5654188578965,-17.44558734072948,-462.3588271481214
27.521000000000186,31.907028621421265,-442.27782072769173,-17.48428220740201,-463.8807865460568
27.621999999999844,32.198695762295294,-443.9568641206839,-17.522413006128044,-465.43473087678314
27.721000000000004,32.47001403287823,-445.6359075128861,-17.560000553367605,-466.9626508586198
27.820999999999913,32.761681173767315,-447.3260703978826,-17.597793204258124,-468.5121911310475
27.922000000000025,33.02621648758154,-449.01623328208893,-17.637007730546618,-470.07678200553727
28.021000000000186,33.297534758179545,-450.7063961678756,-17.678007955881554,-471.6124824011955
28.121999999999844,33.575635985546256,-452.41879803846086,-17.72124152265324,-473.18182961680805
28.222000000000207,33.840171299360485,-454.1534388938449,-17.76165203560965,-474.73766421616386
28.322000000000116,34.111489569958486,-455.8102433004583,-17.796689337437314,-476.2932688846746
28.42099999999982,34.3624589702654,-457.5004061862448,-17.826907969095792,-477.8333158339334
28.521000000000186,34.67447498144557,-459.21280805604005,-17.851660921140102,-479.3894645190888
28.621000000000095,34.9390102952598,-460.92520992662537,-17.871133142187357,-480.94218451117524
28.721000000000004,35.2103285658578,-462.65985078200936,-17.884292449781647,-482.4935920041675
28.822000000000116,35.47486387967202,-464.3611331598003,-17.891746442976963,-484.0555626104579
28.92099999999982,35.766531020561104,-466.0735350303856,-17.896024867202698,-485.5843359100869
29.021000000000186,36.05819816143513,-467.77481740817655,-17.898926948758053,-487.13078326696916
29.121000000000095,36.32273347526442,-469.4760997859675,-17.901016494449546,-488.67912404125735
29.221000000000004,36.600834702616076,-471.15514317816957,-17.90456811299586,-490.2305954240923
29.322000000000116,36.87893592996773,-472.85642555596047,-17.909388334779827,-491.80356240531904
29.422000000000025,37.15025420055066,-474.5577079329613,-17.911460694383504,-493.36754882346
29.521999999999935,37.4351383846861,-476.2478708179578,-17.910365784502858,-494.9325919844239
29.621999999999844,37.71323961203775,-477.94915319574875,-17.905466595770843,-496.49915709682085
29.721000000000004,37.97777492586704,-479.60595760315215,-17.89733158162699,-498.0508347345548
29.822000000000116,38.24231023969633,-481.30723998094305,-17.886917890016772,-499.6341263946185
29.92099999999982,38.52041146704798,-482.952924894762,-17.876238000602193,-501.1849164376648
30.021000000000186,38.7985126944147,-484.6097293021654,-17.86667485432609,-502.75094603820094
30.121000000000095,39.05626505146021,-486.2998921871619,-17.856983994186894,-504.3170198112475
30.221000000000004,39.33436627882693,-487.9455771009808,-17.84590226699003,-505.88353168828337
30.320999999999913,39.612467506163526,-489.6135010011786,-17.834251046117707,-507.4513301666101
30.42099999999982,39.89735169028389,-491.2591859149975,-17.8204738016877,-509.0202485317107
30.521000000000186,40.18901883117297,-492.8937513368121,-17.802029715273715,-510.59199112016375
30.621999999999844,40.48746892883077,-494.50607777303793,-17.780373038712806,-512.1854316365473
30.722000000000207,40.785919026473515,-496.15176268764696,-17.759146443446628,-513.7676959146816
30.822000000000116,41.07080321059389,-497.7863281094616,-17.73932463008789,-515.3618490472868
30.92099999999982,41.362470351482976,-499.40977403848177,-17.722231634595786,-516.9481960769108
31.021999999999935,41.64735453560335,-501.04433945950626,-17.71252268364974,-518.5697209127131
31.121999999999844,41.93223871972371,-502.6677853893165,-17.709744539935468,-520.1781325265276
31.221000000000004,42.196774033537935,-504.357948273523,-17.71113613843712,-521.7711398112409
31.322000000000116,42.49522413118068,-505.9591552177445,-17.7123061743812,-523.3893858970542
31.42099999999982,42.79367422883848,-507.57148165397024,-17.71312640236879,-524.9703963453695
31.521000000000186,43.11247319678737,-509.1282106270142,-17.71297680998943,-526.5633141051263
31.621999999999844,43.390574424139025,-510.7738955416232,-17.712210947583447,-528.1662857072972
31.722000000000207,43.70937339208791,-512.3639829922602,-17.71139881868475,-529.7489589462692
31.820999999999913,44.014606446499364,-513.9874289212804,-17.711427769178375,-531.3126081696109
31.92099999999982,44.30627358738845,-515.6219943438851,-17.713292773639658,-532.8885502606013
32.021999999999935,44.611506641799906,-517.2232012865264,-17.71584756183026,-534.4788225883055
32.121999999999844,44.89639082592028,-518.8466472155466,-17.718024182010996,-536.0534708203081
32.22200000000021,45.17449205327193,-520.4812126373612,-17.719271327155855,-537.627528082934
32.322000000000116,45.4865080644521,-522.0824195807926,-17.719579903577525,-539.2013551117439
32.422000000000025,45.75782633503504,-523.7169850026072,-17.718468574015642,-540.7768459528922
32.521999999999935,46.0630593894465,-525.3293114388331,-17.716252363156872,-542.35239778581
32.621000000000095,46.388641314194224,-526.9305183830546,-17.714746856757387,-543.9083584215556
32.72200000000021,46.66674254151576,-528.5428448192803,-17.714558947363486,-545.4905823853766
32.822000000000116,46.97197559592721,-530.1440517627118,-17.712932371766684,-547.0522056993382
32.92099999999982,47.2636427368163,-531.7786171845264,-17.709950368136006,-548.5936239765107
33.021000000000186,47.568875791227754,-533.357585143159,-17.705354878953024,-550.1479075834602
33.121999999999844,47.90802362946773,-534.947672593796,-17.695547124967497,-551.7131375133825
33.221000000000004,48.240388510954034,-536.4932820740455,-17.682698965946788,-553.2442173115559
33.322000000000116,48.56597043564151,-538.0944890174769,-17.66856927644976,-554.8061167040091
33.422000000000025,48.871203490068034,-539.7068154544929,-17.6535090798155,-556.3515283524295
33.521000000000186,49.17643654446443,-541.3413808763074,-17.6383485844406,-557.8810452317562
33.621000000000095,49.50201846916697,-542.9648268053277,-17.62509942766539,-559.4275595511704
33.721000000000004,49.82760039388457,-544.5993922263522,-17.61169095180007,-560.9737196820147
33.82099999999991,50.13961640506474,-546.2339576481668,-17.600160230537444,-562.5166694252487
33.922000000000025,50.47876424330472,-547.8685230699814,-17.59079265174986,-564.0739338023383
34.021999999999935,50.81791208154468,-549.4697300134128,-17.58317605463904,-565.610821069344
34.121000000000095,51.157059919769594,-551.1265344208161,-17.57734198913801,-567.1248488422451
34.221000000000004,51.509773671546995,-552.738860857042,-17.575378537679033,-568.6479600849907
34.32099999999991,51.87605333683171,-554.3511872932678,-17.576920025464464,-570.1617401557327
34.42099999999982,52.21520117508673,-555.9968722078768,-17.581009214176184,-571.6622025012856
34.521000000000186,52.56791492684908,-557.6314376289014,-17.587536212914163,-573.1513704305622
34.621000000000095,52.94776050568628,-559.266003051506,-17.595997328798635,-574.6331326139833
34.72200000000021,53.28012538715753,-560.9228074589095,-17.60486588231801,-576.1229560901978
34.822000000000116,53.626056182166224,-562.5573728791438,-17.613526100157888,-577.5918293729944
34.922000000000025,53.97198697715985,-564.2141772865473,-17.622454694634236,-579.0564460951146
35.021000000000186,54.338266642459615,-565.8376232155674,-17.633070992165575,-580.5003769354729
35.121000000000095,54.71132926451304,-567.4833081301765,-17.645676876858285,-581.9550399687818
35.22200000000021,55.050477102753014,-569.1623515223786,-17.660650501336168,-583.4201358041845
35.322000000000116,55.40997381128407,-570.7969169441932,-17.677921278909167,-584.8686309268792
35.42099999999982,55.76268756304641,-572.4537213508065,-17.699418799865043,-586.2999800214998
35.521000000000186,56.115401314823806,-574.1105257574197,-17.72162861558585,-587.7464296055163
35.621000000000095,56.45454915306377,-575.7673301648232,-17.74595183470992,-589.1889563595613
35.721000000000004,56.807262904811054,-577.4241345722266,-17.773551211632544,-590.6288657033243
35.82099999999991,57.139627786297375,-579.0920584716343,-17.805993482262718,-592.0629076815936
35.922000000000025,57.485558581306066,-580.7711018638364,-17.843194216930513,-593.5059584281969
36.021000000000186,57.82470641953097,-582.4279062712399,-17.886998592201298,-594.9142841097937
36.121999999999844,58.16385425777094,-584.106949663442,-17.936622648254126,-596.3467033149323
36.221000000000004,58.4962191392422,-585.7859930556441,-17.987547515310595,-597.7440444574505
36.32099999999991,58.82858402072851,-587.4650364478462,-18.04127977815289,-599.149196892344
36.422000000000025,59.16094890219977,-589.1440798408383,-18.096404540969843,-600.5616147695275
36.521999999999935,59.493313783671034,-590.8342427258349,-18.148128386863718,-601.9509943211825
36.621000000000095,59.832461621910994,-592.5021666252426,-18.1962414642609,-603.3139100494254
36.721000000000004,60.15804354661354,-594.1923295102392,-18.243176653928806,-604.6788423880877
36.822999999999865,60.47684251456242,-595.89361188803,-18.287991843217387,-606.0607504659134
36.922000000000025,60.802424439280024,-597.594894265821,-18.3290148366458,-607.3895745068481
37.021999999999935,61.121223407213854,-599.3184156284105,-18.371152596140266,-608.7215145631739
37.121000000000095,61.460371245453814,-601.0085785126171,-18.415647374343582,-610.0362509505935
37.221000000000004,61.79273612692507,-602.7432193687911,-18.46311909441689,-611.362088697126
37.32099999999991,62.12510100838127,-604.4667407313808,-18.511181386542933,-612.6869675514464
37.42099999999982,62.464248846636295,-606.1680231099618,-18.558848229965655,-614.0172061927245
37.521000000000186,62.79661372810755,-607.8915444725513,-18.605689672121787,-615.3523913533332
37.621000000000095,63.13576156634753,-609.6261853287256,-18.652702093641736,-616.6900628692857
37.721000000000004,63.46812644780372,-611.3385871985207,-18.699557588969537,-618.032292238817
37.82099999999991,63.80727428605875,-613.0621085619005,-18.747823453537546,-619.3790951960025
37.922000000000025,64.13963916753,-614.7745104316957,-18.798159415337874,-620.7413569286658
38.021000000000186,64.47878700576997,-616.4980317950755,-18.849013107774525,-622.0803164787524
38.121000000000095,64.83150075753232,-618.2104336656607,-18.896300494166493,-623.4366479904476
38.22200000000021,65.17064859577229,-619.922835535456,-18.942103224397815,-624.8086872565419
38.322000000000116,65.50301347724356,-621.6352374060413,-18.987185355745584,-626.1681844948631
38.422000000000025,65.86251018577461,-623.3698782614252,-19.033641797428263,-627.5266839816563
38.521000000000186,66.21522393753693,-625.1045191168093,-19.08018904581912,-628.8689434712271
38.621999999999844,66.56793768931435,-626.828040480189,-19.131780917786237,-630.2375795490407
38.721000000000004,66.91386848430797,-628.5404423507744,-19.184639120055415,-631.5803823987252
38.82099999999991,67.25979927931665,-630.2639637125739,-19.23977816368453,-632.9350435316917
38.92099999999982,67.61251303107899,-631.998604569538,-19.29309765507681,-634.2889127414187
39.021000000000186,67.95844382608769,-633.7221259313376,-19.343640201818314,-635.6434616820346
39.121999999999844,68.31115757783496,-635.4567667883018,-19.390066952598108,-637.009954470651
39.22200000000021,68.67065428638108,-637.1802881501013,-19.430378945537598,-638.3507873862891
39.32099999999991,69.03015099489707,-638.9149290062754,-19.46553612936208,-639.6724787742588
39.42099999999982,69.3896477034432,-640.638450368865,-19.499174062937936,-641.005212462717
39.521999999999935,69.74914441198929,-642.3619717322447,-19.531768031072446,-642.3481157743072
39.621000000000095,70.10864112050531,-644.0743736028301,-19.56343536046872,-643.6638749690762
39.721000000000004,70.47492078579,-645.8090144582142,-19.596426582864538,-644.9999575819692
39.822000000000116,70.85476636462721,-647.5547748063925,-19.630404206627524,-646.3529125135601
39.922000000000025,71.23461194346442,-649.3005351553611,-19.66377462053118,-647.6898016026239
40.021000000000186,71.6076745655329,-651.0351760107451,-19.696696455366936,-649.0101110089746
40.121000000000095,71.98752014433998,-652.7698168669192,-19.73034098076665,-650.3421273150617
40.22200000000021,72.36736572317719,-654.5378161998963,-19.765865141083502,-651.6833142552937
40.32099999999991,72.75399425876803,-656.2724570560704,-19.800315939929433,-652.9937670596951
40.42099999999982,73.14740575111256,-658.0182174042488,-19.83518279976138,-654.3152986854897
40.521000000000186,73.54760020024084,-659.7973362308105,-19.87218249657732,-655.6350493845573
40.621000000000095,73.9342287358317,-661.5542160717833,-19.90983687447491,-656.9495659406117
40.721000000000004,74.31407431465382,-663.3333348975548,-19.946380371754806,-658.259325912912
40.822000000000116,74.7142687637821,-665.0902147385276,-19.98270194664112,-659.5780666554342
40.92099999999982,75.10768025612663,-666.8804530578836,-20.016915913677224,-660.8671167872196
41.021999999999935,75.50109174850125,-668.6595718836552,-20.049360088525088,-662.1790753480776
41.121999999999844,75.90128619759943,-670.3830932470348,-20.07894366190024,-663.4757839890614
41.22200000000021,76.30826360349643,-672.1844510583952,-20.106096839592855,-664.7740961212126
41.32099999999991,76.70845805260966,-673.9635698849569,-20.129980024260515,-666.0596122604853
41.422000000000025,77.11543545850665,-675.7426887115184,-20.151584739911588,-667.3721391277991
41.521000000000186,77.52919582115732,-677.5329270300844,-20.170109457009566,-668.659279456606
41.621999999999844,77.9497391405616,-679.3342848422349,-20.18622617115496,-669.9747758622285
41.721000000000004,78.37028245999606,-681.1245231608008,-20.197830309597318,-671.2631009735724
41.822000000000116,78.79082577940036,-682.9147614801568,-20.203594951749608,-672.5756806992556
41.92099999999982,79.2181520555734,-684.716119290727,-20.20370325520476,-673.860251277499
42.021999999999935,79.64547833176147,-686.5174771028775,-20.198615326560763,-675.1692089783359
42.121000000000095,80.09315347824065,-688.2854764366447,-20.19045983215093,-676.4490509973384
42.221000000000004,80.53404566793603,-690.0757147560007,-20.179507027163222,-677.7403164914202
42.32099999999991,80.97493785764648,-691.8993115529498,-20.16819605473457,-679.0285025545884
42.42099999999982,81.42261300414074,-693.7229083491089,-20.157445685392474,-680.3178338136958
42.521000000000186,81.8499392802987,-695.5353856548438,-20.14600126770948,-681.6060658459593
42.621999999999844,82.30439738353151,-697.3256239726197,-20.13222515093864,-682.9059178551447
42.721000000000004,82.77242140030177,-699.1492207703589,-20.118552394727452,-684.1792915418207
42.822000000000116,83.24044541707202,-700.9394590889248,-20.10520712645054,-685.4797209411489
42.92099999999982,83.68812056355121,-702.7408169002852,-20.092249297721022,-686.7538270075825
43.021000000000186,84.15614458032147,-704.5644136972342,-20.081143101572934,-688.0432164258982
43.121999999999844,84.60381972678557,-706.376891002179,-20.07210831647047,-689.3469187567612
43.221000000000004,85.05149487327981,-708.2004877991282,-20.065278565322764,-690.6257958407996
43.32099999999991,85.51273593326628,-709.9684871321053,-20.057375553701124,-691.917557737389
43.422000000000025,86.01467473386505,-711.8143229146433,-20.045411125093253,-693.2186559070742
43.521999999999935,86.5301794479862,-713.68239768277,-20.02764000758451,-694.5018439638801
43.621999999999844,87.0592500756297,-715.4059190453596,-20.005515351854793,-695.7819856895404
43.721000000000004,87.57475478975086,-717.3184717838739,-19.98024899768493,-697.0454467195966
43.82099999999991,88.1241742877005,-719.375577926345,-19.953874712383495,-698.3205215237913
43.92099999999982,88.54471760711988,-721.2325332016773,-19.929915759676867,-699.5937926135132
44.021000000000186,89.0805711915321,-723.1228469546028,-19.909336242368468,-700.8636948597782
44.121000000000095,89.67068843006392,-725.124355633892,-19.889633777713026,-702.1310541984398
44.221000000000004,90.03018513859499,-726.9479524308412,-19.869712435789005,-703.3954075966349
44.32099999999991,90.45072845801435,-728.7493102422014,-19.84943540844021,-704.6539918840479
44.42099999999982,90.87805473418739,-730.5061900839644,-19.829664741439217,-705.9056547745071
44.521000000000186,91.36642762124872,-732.2964284025303,-19.81099754300716,-707.1522493141161
44.621000000000095,91.83445163803404,-734.1422641850683,-19.794419535527947,-708.3936805362334
44.72200000000021,92.24142904390091,-736.0103389524049,-19.779048160057023,-709.6422990709297
44.822000000000116,92.6144916659694,-737.8895332133261,-19.764883150958646,-710.8736188593595
44.92099999999982,93.06894976920222,-739.6352935607144,-19.750786087209047,-712.0906292693076
45.021000000000186,93.46236126157685,-741.470009851248,-19.736793350639196,-713.3195747670876
45.121000000000095,93.78794318626433,-743.1156947650669,-19.72404900610879,-714.5482181918838
45.221000000000004,94.26953311657202,-745.0504864891699,-19.7136750020944,-715.7775431863578
45.322000000000116,94.65616165216288,-746.8073663301427,-19.706215925040222,-717.021874388061
45.42099999999982,94.98174357686543,-748.5420071855268,-19.70184484279763,-718.2473694429224
45.521000000000186,95.32767437187411,-750.4434404312466,-19.700663955395772,-719.4900460462361
45.621999999999844,95.70073699392753,-752.2114397650139,-19.702554863216292,-720.7502348621355
45.72200000000021,96.05345074568987,-754.0239170683785,-19.707092055144056,-722.0034025872847
45.822000000000116,96.40616449746726,-755.7696774181371,-19.715248055250676,-723.2620291891667
45.92099999999982,96.74531233570724,-757.4376013167548,-19.727590455192356,-724.5139722524707
46.021000000000186,97.06411130365613,-759.3167955776759,-19.744090786969068,-725.7834050115815
46.121999999999844,97.38969322835867,-761.0625559258543,-19.763211893265467,-727.0681266802216
46.221000000000004,97.70170923953884,-762.7971967812383,-19.784260379241402,-728.3314177348165
46.32099999999991,98.0069422939503,-764.5763156077999,-19.806334224027573,-729.6114959135238
46.422000000000025,98.31217534834668,-766.3776734191603,-19.831580428625116,-730.9039876854762
46.521999999999935,98.60384248925084,-768.1567922457219,-19.86018286163837,-732.183071772041
46.621999999999844,98.89550963012485,-769.9470305642878,-19.894001099132243,-733.4619270864969
46.72200000000021,99.14647903043178,-771.7039104052607,-19.933178530257624,-734.73852539443
46.82099999999991,99.411014344246,-773.3829537982529,-19.978871126952136,-735.9996728573709
46.922000000000025,99.66198374455293,-775.184311608823,-20.029652624501747,-737.2846200165903
47.021000000000186,99.9197361016135,-776.9967889137679,-20.082176162321552,-738.5420624168216
47.121999999999844,100.15035663161426,-778.7759077403296,-20.139434928608388,-739.824860841396
47.22200000000021,100.38097716161502,-780.5439070740968,-20.20038840816358,-741.0963788809328
47.322000000000116,100.5912488213247,-782.3007869150696,-20.265329676725703,-742.3683611305594
47.42099999999982,100.80152048101934,-784.10214472643,-20.33354963482034,-743.6291449501048
47.521000000000186,101.01179214072903,-785.892383045786,-20.406682911897256,-744.906570881599
47.621999999999844,101.18814901661018,-787.6715018715576,-20.481957401984168,-746.2007711603833
47.721000000000004,101.35772293573773,-789.4839791757122,-20.556009277587492,-747.4700474579586
47.822000000000116,101.52051389809651,-791.3186954654558,-20.631493578772332,-748.7667485827094
47.922000000000025,101.66973894691787,-793.0978142912273,-20.706895286218018,-750.0526237228812
48.021999999999935,101.80539808220182,-794.932530581761,-20.78337792446701,-751.3409428343858
48.121999999999844,101.95462313103826,-796.6560519443506,-20.86392030410337,-752.6299519620939
48.221000000000004,102.07671635279983,-798.4129317853234,-20.94948083959713,-753.9095977719203
48.32099999999991,102.19202661780776,-800.1920506118848,-21.037354363363605,-755.2084554446858
48.42099999999982,102.28698801250951,-801.9378109600633,-21.125936994950692,-756.5126048436132
48.521999999999935,102.38194940721128,-803.6835713082418,-21.21363775797705,-757.8365392859133
48.621000000000095,102.44977897486831,-805.4293316572104,-21.29810094211502,-759.1403013481765
48.721000000000004,102.53117445603264,-807.1417335270056,-21.37810506861074,-760.4642576149444
48.822999999999865,102.58543811015225,-808.9097328607728,-21.455764248192963,-761.8192052165572
48.92099999999982,102.64648472104057,-810.6110152377737,-21.52675074032632,-763.124432245226
49.021000000000186,102.69396541839146,-812.3345366011533,-21.592372958634297,-764.4581312326134
49.121999999999844,102.72788020221996,-814.0469384725286,-21.646331817558348,-765.8079303028031
49.22200000000021,102.75501202927975,-815.7593403423239,-21.689624986382782,-767.1437148467571
49.32099999999991,102.78214385633956,-817.4717422121191,-21.72847009101568,-768.4684157929174
49.42099999999982,102.78892681309321,-819.1619050971157,-21.76683588276136,-769.8141557327469
49.521000000000186,102.80249272663066,-820.8298289973135,-21.81067004498243,-771.1688400773578
49.621000000000095,102.80927568339936,-822.5088723903058,-21.86144825032275,-772.5334891235067
49.721000000000004,102.80249272663066,-824.1767962889232,-21.918302030106286,-773.9093476983227
49.82099999999991,102.78214385633956,-825.8669591739198,-21.97486628790369,-775.2908780787619
49.922000000000025,102.76179498603341,-827.5237635813232,-22.029926857438646,-776.6867331370828
50.021999999999935,102.73466315897362,-829.1805679879366,-22.083857398539827,-778.0669594886823
50.121000000000095,102.69396541839146,-830.8484918881344,-22.13667481273345,-779.435944795451
50.22200000000021,102.66005063456294,-832.4719378171545,-22.18641603394547,-780.8392430125965
50.32099999999991,102.61256993721206,-834.1287422237679,-22.23231327992272,-782.222002050218
50.42099999999982,102.55152332633881,-835.7633076455824,-22.276084163341626,-783.6280650034907
50.521999999999935,102.47691080191306,-837.4201120521958,-22.31441472303789,-785.0564073453695
50.621999999999844,102.41586419102474,-839.0657969675948,-22.348493998793423,-786.4752483346372
50.72200000000021,102.34125166661404,-840.7114818806236,-22.380978082270197,-787.8952564306561
50.822000000000116,102.2598561854497,-842.3460473032284,-22.409951625244496,-789.3177692999125
50.922000000000025,102.17846070427031,-843.9806127242529,-22.437463637045507,-790.7411619467814
51.021000000000186,102.11063113662836,-845.6151781460676,-22.463950706126365,-792.1504616283908
51.121999999999844,102.02923565543387,-847.2497435678821,-22.490561899794795,-793.5897458715322
51.22200000000021,101.96140608779191,-848.8843089889066,-22.515725385779927,-795.0168919410166
51.32099999999991,101.88679356338122,-850.4966354259225,-22.53948677467188,-796.4338801901861
51.422000000000025,101.8121810389856,-852.1200813541526,-22.55783108482805,-797.8841208905043
51.521000000000186,101.72400260103748,-853.743527284753,-22.569977061100953,-799.3087401428726
51.621999999999844,101.6493900766268,-855.3558537201887,-22.573151875545864,-800.7628010652136
51.72200000000021,101.57477755220106,-856.9681801564146,-22.565182741229755,-802.2036838403822
51.822000000000116,101.48659911429812,-858.5916260854348,-22.547580826515247,-803.643947797607
51.92099999999982,101.4119865898573,-860.1928330296563,-22.521640061118188,-805.0683995218166
52.021999999999935,101.33059110867791,-861.7940399722976,-22.48598124720809,-806.5207115198361
52.121000000000095,101.24919562749851,-863.3952469165191,-22.44402643876355,-807.9459029430192
52.221000000000004,101.16101718955039,-864.9964538599505,-22.396979391362887,-809.3852956854759
52.322000000000116,101.07962170838606,-866.5754218185832,-22.342436205840915,-810.8395155648184
52.42099999999982,100.991443270453,-868.1655092700104,-22.28481908155395,-812.2628089975215
52.521000000000186,100.90326483248982,-869.7667162134417,-22.221691327899933,-813.7014045372134
52.621000000000095,100.81508639455677,-871.3234451864855,-22.154674297064442,-815.144848832957
52.72200000000021,100.73369091337736,-872.8912936523238,-22.077989971049504,-816.6076777302928
52.822000000000116,100.65229543219797,-874.4369031325733,-21.996571368159483,-818.059858435839
52.922000000000025,100.5573340374962,-875.9936321048272,-21.908880312725262,-819.5157919867052
53.021000000000186,100.48272151308551,-877.5281220930723,-21.815600140248144,-820.9576006968938
53.121999999999844,100.40810898867483,-879.0626120805275,-21.70956542725135,-822.425873607039
53.22200000000021,100.31993055072672,-880.5971020679825,-21.59650053962477,-823.8776451243801
53.322000000000116,100.23853506954732,-882.1204725634333,-21.473787338430277,-825.3274879357732
53.42099999999982,100.15035663161426,-883.6327235660897,-21.340852666076184,-826.762995019567
53.521000000000186,100.02148045308397,-885.1227355831572,-21.20005252209781,-828.2147087520142
53.621000000000095,99.95365088542695,-886.6238670930193,-21.053765848334862,-829.6677162195393
53.721000000000004,99.85868949074025,-888.1361180948857,-20.903497355223152,-831.1231566422559
53.82099999999991,99.77729400954577,-889.6150106191589,-20.749788779885822,-832.5815022659721
53.92099999999982,99.68911557161272,-891.1161421290209,-20.594328168550568,-834.0442860437089
54.021000000000186,99.58737122012718,-892.5839151604995,-20.43328686338392,-835.5106806086928
54.121999999999844,99.49919278219411,-894.0850466703615,-20.267412328860246,-836.9938202621149
54.22200000000021,99.39066547395493,-895.5528197026304,-20.09804404856129,-838.4637636866314
54.322000000000116,99.30926999277553,-897.009473242105,-19.92337716116279,-839.936473578021
54.422000000000025,99.22109155484245,-898.4772462727935,-19.741069606964817,-841.4102325969363
54.521000000000186,99.13969607366307,-899.933899812268,-19.55226221410211,-842.8701061243114
54.621999999999844,99.05830059248366,-901.3905533509525,-19.349850536952378,-844.3619411598106
54.72200000000021,98.97690511130426,-902.8472068904271,-19.142644105177254,-845.8415453706543
54.822000000000116,98.90229258690864,-904.2927409363169,-18.92937981033571,-847.3247671402853
54.92099999999982,98.81411414894545,-905.7382749829969,-18.71506953607902,-848.796017743892
55.021999999999935,98.73950162453477,-907.1726895368828,-18.494987850415946,-850.30016746823
55.121999999999844,98.6716720568928,-908.6404625683614,-18.274316273380002,-851.7908407544452
55.22200000000021,98.56992770542232,-910.0637576286626,-18.050168072628995,-853.2804544457714
55.322000000000116,98.4817492674742,-911.4981721833385,-17.823908177987153,-854.7674362789257
55.42099999999982,98.41391969983223,-912.9325867364341,-17.595101743997965,-856.238476058056
55.521999999999935,98.31895830513047,-914.344762305521,-17.353401877914298,-857.7400680682352
55.621999999999844,98.21721395365996,-915.7346988882291,-17.109416752622902,-859.2275840372097
55.72200000000021,98.14938438600296,-917.1691134413247,-16.860770197145534,-860.7172823307488
55.82099999999991,98.08155481836098,-918.5812890104116,-16.60802381686558,-862.194587727186
55.922000000000025,97.99337638041287,-920.0045840707128,-16.343736945420936,-863.7039396796549
56.021000000000186,97.91876385600217,-921.4278791325943,-16.081743381866826,-865.184497736912
56.121000000000095,97.84415133159149,-922.8289352073066,-15.812159161068566,-866.6834163039454
56.221000000000004,97.78310472070318,-924.2411107763936,-15.538553584457357,-868.1857040940578
56.32099999999991,97.70849219630756,-925.6310473591017,-15.262382696410896,-869.6889597378536
56.42099999999982,97.6338796718818,-927.0209839425997,-14.98480028790024,-871.1913373961021
56.521000000000186,97.55248419070242,-928.410920526098,-14.704742201719025,-872.6922060563254
56.621000000000095,97.47108870953808,-929.7786181232171,-14.421018334254166,-874.1896054191902
56.721000000000004,97.38969322835867,-931.1463157211266,-14.132511856924348,-875.6833860432844
56.822000000000116,97.32186366068657,-932.5140133182459,-13.834447411179244,-877.1909317367313
56.92099999999982,97.24725113629096,-933.8594719313566,-13.535452310313858,-878.6695771382258
57.021999999999935,97.17263861188026,-935.2160500364715,-13.22341315219208,-880.1801225460332
57.121000000000095,97.11837495776066,-936.561508648002,-12.91343263788687,-881.6626336649405
57.221000000000004,97.04376243334998,-937.9069672611128,-12.593739177500504,-883.1612326192363
57.32099999999991,96.97593286570802,-939.2301868886346,-12.26618922536979,-884.6596036730838
57.42099999999982,96.90810329805099,-940.5645260081608,-11.931888605431707,-886.1589346493558
57.521000000000186,96.8538396439314,-941.8655066500937,-11.58894186455832,-887.6623444219467
57.621000000000095,96.79279303305813,-943.1776067840312,-11.237145966105683,-889.1741341241673
57.72200000000021,96.73174642216982,-944.4674679331699,-10.877050241257239,-890.7103252174019
57.82099999999991,96.67748276806527,-945.7350900967197,-10.517986083872252,-892.2266252064223
57.922000000000025,96.62321911393062,-947.0138317530639,-10.140927832693102,-893.7823685757396
58.021999999999935,96.58252137334844,-948.2703344246096,-9.756840783549736,-895.3287965839443
58.121000000000095,96.56217250304229,-949.5045981105662,-9.36708426987502,-896.8649402938298
58.221000000000004,96.56217250304229,-950.7722202741161,-8.961694836616935,-898.4221254944975
58.322000000000116,96.52825771922886,-951.9842449744841,-8.541451123599112,-899.9992098186902
58.42099999999982,96.50112589215398,-953.1962696756422,-8.116510033520411,-901.5496589222727
58.521000000000186,96.46721110834054,-954.3749358976268,-7.672705918273412,-903.1187543646581
58.621999999999844,96.46042815157182,-955.564721612406,-7.21012859857349,-904.7023333705258
58.721000000000004,96.46042815157182,-956.7433878343908,-6.742993810994961,-906.251784290349
58.82099999999991,96.47399406510924,-957.9109345643712,-6.259388940701204,-907.8149517922981
58.922000000000025,96.49434293540034,-959.0451228159684,-5.7593259698941415,-909.3925621322255
59.021000000000186,96.53504067599756,-960.2126695459489,-5.261130254422106,-910.9390147152419
59.121999999999844,96.56895545981101,-961.3468577975461,-4.743898375943785,-912.5191064392902
59.221000000000004,96.62321911393062,-962.4588070635546,-4.2283348908244935,-914.0728344398876
59.32099999999991,96.69104868158763,-963.5707563303532,-3.6977127050162344,-915.6485296689758
59.422000000000025,96.75887824922961,-964.6827055971517,-3.1518575617561244,-917.244347211424
59.521999999999935,96.8606226007001,-965.783535371156,-2.599980872966545,-918.8273878340826
59.621999999999844,96.96236695217058,-966.8398871731922,-2.033843613338393,-920.4127864705839
59.72200000000021,97.0844601739472,-967.9184779623977,-1.4565816912871634,-921.9997415623577
59.82099999999991,97.24046817952224,-969.0081882436074,-0.8769728673161212,-923.570635130665
59.92099999999982,97.39647618511232,-970.0534205544295,-0.286590819134078,-925.1587772314056
